source,id,attach,ap,el,rol_or_spread,multiple,note
FEMA traditional,2019,USD 4bn,,,0.1404833836858006,,"3 layers, shares 14.0%–26.6%, limit USD 1,324.0m"
FEMA traditional,2023,USD 7bn,,,0.17950248756218906,,"2 layers, shares 8.6%–16.6%, limit USD 502.5m"
FEMA traditional,2024,USD 7bn,,,0.19548022598870055,,"2 layers, shares 8.9%–22.1%, limit USD 619.5m"
FEMA traditional,2025,USD 7bn,,,0.18460458463308685,,"2 layers, shares 12.0%–25.9%, limit USD 757.8m"
FloodSmart Re,2024-1 A,USD 9–11bn,0.0579,0.0501,0.14,2.7944111776447107,"named storm only, KatRisk"
FloodSmart Re,2024-1 B,USD 8–9bn,0.0682,0.0629,0.1725,2.7424483306836245,"named storm only, KatRisk"
FloodSmart Re,2023-1 A,USD 8–10bn,0.0625,0.0535,0.1625,3.0373831775700935,"named storm only, KatRisk"
Model (technical),QS0_A20_E50_C80_R0,"USD 4,590m",0.04993,0.031122046941810224,0.0884066051052441,2.8406423674683237,"20–50 yr, c 80%, n 0"
Model (technical),QS0_A20_E50_C80_R1,"USD 4,590m",0.04993,0.03151136761167258,0.0903236487826945,2.9555907178578247,"20–50 yr, c 80%, n 1"
Model (technical),QS0_A20_E50_C100_R0,"USD 4,590m",0.04993,0.03112204694181022,0.0884066051052441,2.8406423674683245,"20–50 yr, c 100%, n 0"
Model (technical),QS0_A20_E50_C100_R1,"USD 4,590m",0.04993,0.03151136761167258,0.0903236487826945,2.9555907178578247,"20–50 yr, c 100%, n 1"
Model (technical),QS0_A20_E100_C80_R0,"USD 4,590m",0.04993,0.020892152129436656,0.0776083828032942,3.714714612571936,"20–100 yr, c 80%, n 0"
Model (technical),QS0_A20_E100_C80_R1,"USD 4,590m",0.04993,0.021040274044093404,0.0777822099731804,3.7740595759586024,"20–100 yr, c 80%, n 1"
Model (technical),QS0_A20_E100_C100_R0,"USD 4,590m",0.04993,0.020892152129436656,0.0776083828032942,3.7147146125719366,"20–100 yr, c 100%, n 0"
Model (technical),QS0_A20_E100_C100_R1,"USD 4,590m",0.04993,0.021040274044093404,0.0777822099731804,3.774059575958602,"20–100 yr, c 100%, n 1"
Model (technical),QS0_A20_E200_C80_R0,"USD 4,590m",0.04993,0.015969785864167547,0.0724095183487958,4.534157124252107,"20–200 yr, c 80%, n 0"
Model (technical),QS0_A20_E200_C80_R1,"USD 4,590m",0.04993,0.01602985582743705,0.0719893823247298,4.562675929983293,"20–200 yr, c 80%, n 1"
Model (technical),QS0_A20_E200_C100_R0,"USD 4,590m",0.04993,0.015969785864167547,0.0724095183487958,4.534157124252108,"20–200 yr, c 100%, n 0"
Model (technical),QS0_A20_E200_C100_R1,"USD 4,590m",0.04993,0.016029855827437045,0.0719893823247297,4.562675929983292,"20–200 yr, c 100%, n 1"
Model (technical),QS10_A20_E50_C80_R0,"USD 4,130m",0.04998,0.03112598328189263,0.0884107601308866,2.840416616888667,"20–50 yr, c 80%, n 0"
Model (technical),QS10_A20_E50_C80_R1,"USD 4,130m",0.04998,0.03151540881404044,0.0903285686275796,2.955383974047135,"20–50 yr, c 80%, n 1"
Model (technical),QS10_A20_E50_C100_R0,"USD 4,130m",0.04998,0.031125983281892627,0.0884107601308866,2.840416616888667,"20–50 yr, c 100%, n 0"
Model (technical),QS10_A20_E50_C100_R1,"USD 4,130m",0.04998,0.03151540881404044,0.0903285686275795,2.9553839740471344,"20–50 yr, c 100%, n 1"
Model (technical),QS10_A20_E100_C80_R0,"USD 4,130m",0.04998,0.020892820064787498,0.0776090878461645,3.7146296002886654,"20–100 yr, c 80%, n 0"
Model (technical),QS10_A20_E100_C80_R1,"USD 4,130m",0.04998,0.021040937548658264,0.0777827969885263,3.773971515599466,"20–100 yr, c 80%, n 1"
Model (technical),QS10_A20_E100_C100_R0,"USD 4,130m",0.04998,0.020892820064787494,0.0776090878461645,3.714629600288666,"20–100 yr, c 100%, n 0"
Model (technical),QS10_A20_E100_C100_R1,"USD 4,130m",0.04998,0.02104093754865826,0.0777827969885263,3.773971515599467,"20–100 yr, c 100%, n 1"
Model (technical),QS10_A20_E200_C80_R0,"USD 4,130m",0.04998,0.015974808836653632,0.0724178537720232,4.533253230915858,"20–200 yr, c 80%, n 0"
Model (technical),QS10_A20_E200_C80_R1,"USD 4,130m",0.04998,0.01603495303912649,0.0719981181906559,4.561801595979932,"20–200 yr, c 80%, n 1"
Model (technical),QS10_A20_E200_C100_R0,"USD 4,130m",0.04998,0.015974808836653632,0.0724178537720232,4.533253230915858,"20–200 yr, c 100%, n 0"
Model (technical),QS10_A20_E200_C100_R1,"USD 4,130m",0.04998,0.016034953039126488,0.0719981181906559,4.561801595979934,"20–200 yr, c 100%, n 1"
Model (technical),QS20_A20_E50_C80_R0,"USD 3,670m",0.04999,0.031130906532979737,0.088415956895923,2.8401343469473392,"20–50 yr, c 80%, n 0"
Model (technical),QS20_A20_E50_C80_R1,"USD 3,670m",0.04999,0.03152046308244032,0.0903347203131318,2.955125430875218,"20–50 yr, c 80%, n 1"
Model (technical),QS20_A20_E50_C100_R0,"USD 3,670m",0.04999,0.031130906532979733,0.088415956895923,2.8401343469473392,"20–50 yr, c 100%, n 0"
Model (technical),QS20_A20_E50_C100_R1,"USD 3,670m",0.04999,0.03152046308244032,0.0903347203131318,2.955125430875219,"20–50 yr, c 100%, n 1"
Model (technical),QS20_A20_E100_C80_R0,"USD 3,670m",0.04999,0.020903565342286292,0.0776204300835244,3.7132627287510753,"20–100 yr, c 80%, n 0"
Model (technical),QS20_A20_E100_C80_R1,"USD 3,670m",0.04999,0.021051859044801634,0.0777951845689074,3.772654050354305,"20–100 yr, c 80%, n 1"
Model (technical),QS20_A20_E100_C100_R0,"USD 3,670m",0.04999,0.0209035653422863,0.0776204300835244,3.713262728751075,"20–100 yr, c 100%, n 0"
Model (technical),QS20_A20_E100_C100_R1,"USD 3,670m",0.04999,0.02105185904480163,0.0777951845689073,3.772654050354305,"20–100 yr, c 100%, n 1"
Model (technical),QS20_A20_E200_C80_R0,"USD 3,670m",0.04999,0.015975188192752256,0.0724182542034607,4.533170647486705,"20–200 yr, c 80%, n 0"
Model (technical),QS20_A20_E200_C80_R1,"USD 3,670m",0.04999,0.016035319131379695,0.0719983268924948,4.561712374717922,"20–200 yr, c 80%, n 1"
Model (technical),QS20_A20_E200_C100_R0,"USD 3,670m",0.04999,0.015975188192752256,0.0724182542034607,4.533170647486705,"20–200 yr, c 100%, n 0"
Model (technical),QS20_A20_E200_C100_R1,"USD 3,670m",0.04999,0.016035319131379695,0.0719983268924948,4.561712374717922,"20–200 yr, c 100%, n 1"
