replicate,n_events,ok,relief,relief_pct,implied_coc,net_cost,gross_ec
0,19,True,8388.921835673103,0.7429188245966153,0.07670489121282946,643.471336798235,11291.841797423911
1,24,True,20795.287101425693,0.6955543894865667,0.06764229083271708,1406.640858064487,29897.42774361043
2,20,True,622.988799507858,0.2903205637525071,0.08644410820060193,53.85371119242038,2145.8652169019083
3,17,True,4374.478935330276,0.6520282520782824,0.10404658009638686,455.14957292479863,6709.032808604552
4,19,True,20728.04881105385,0.8037866589893421,0.06036800675233257,1251.310990588378,25787.998070429152
5,14,True,610.8054312355582,0.29897076415635193,0.08596796951444673,52.50970269171695,2043.027293853144
6,13,True,11649.429931907805,0.7818592987185804,0.06381217148007744,743.3754204600477,14899.650040615375
7,16,True,15126.128823674542,0.7842046277750357,0.07647766157853138,1156.8109611702505,19288.497272186163
8,10,True,3804.439838539982,0.6474127546699935,0.11105540000949318,422.50358808110934,5876.374555640665
9,20,True,11861.738834594486,0.7834427988286333,0.0635900128021236,754.2881243473101,15140.529534931711
10,21,True,14321.359008958774,0.788970605826936,0.07516114476933003,1076.4097377658993,18151.95509590407
11,18,True,20613.760533821507,0.7452413800669369,0.06442690978142593,1328.0808901684366,27660.515217190434
12,16,True,546.9707461476028,0.28127608038973045,0.09228503391595548,50.477213859266996,1944.604551477435
13,22,True,20519.55801271897,0.7740054063713068,0.06317094604510617,1296.2398920908963,26510.871686179547
14,16,True,20611.61433045054,0.7933634255082763,0.06184921069662354,1274.8120775215805,25980.041009888373
15,17,True,5180.692482663654,0.6751394991311385,0.10344127267107031,535.8974237241753,7673.514124608137
16,23,True,20558.422696297574,0.8131796444611327,0.05988301213103504,1231.1002757173337,25281.526457688156
17,18,True,4117.509556855738,0.6635249224732195,0.10587381990751031,435.936465289997,6205.508515803978
18,12,True,7475.568160648576,0.7371782352133381,0.08520100816664604,636.9259439057384,10140.787944566973
19,26,True,19753.14718042986,0.8157959267378301,0.06094127013643806,1203.7818783673958,24213.34372116554
20,22,True,20477.74925046394,0.8065198558196418,0.06020387069796752,1232.8397680603323,25390.260515846843
21,24,True,2401.627668095173,0.5428078224507596,0.09594224533799654,230.4175509429076,4424.4529440491515
22,19,True,20635.69178137079,0.7843252927604076,0.06275566188402343,1295.0064961746264,26310.118992521762
23,14,True,20921.71645306899,0.8188335782558211,0.05800630458763785,1213.5914570729142,25550.63325277142
24,15,True,20989.76181750247,0.694265572049273,0.06640078193699425,1393.7365973534295,30233.044331359695
25,18,True,4125.607904404193,0.6402924896195549,0.1105795313832149,456.20778873990287,6443.317657615384
26,37,True,3798.8864519678764,0.593147939580422,0.0789280788119365,299.8388092785184,6404.618811716878
27,22,True,20468.9813644262,0.7828568325689114,0.06314497245002273,1292.513264336721,26146.519405416835
28,17,True,7766.496339995156,0.7320520114186915,0.1064984301767359,827.119668182849,10609.213852092224
29,20,True,20587.325342966426,0.7704685859539365,0.06323503075499334,1301.840151225536,26720.525298869572
30,19,True,20617.768488736205,0.7924764131109973,0.061627422612923,1270.6199319907528,26016.885988817943
31,15,True,11912.842684598996,0.7831977816744075,0.060849160878272156,724.8864810327119,15210.516377013217
32,19,True,17072.138497166194,0.8028568352388133,0.06815998491689498,1163.6367024659899,21264.23759235731
33,27,True,20763.738056098315,0.7281325298730777,0.06519680230849817,1353.7293252288819,28516.426892392356
34,15,True,7259.592162052281,0.7280267321083947,0.10053954767979562,729.8761123125258,9971.601099080812
35,18,True,20511.82244272722,0.7880470756986412,0.06190247069555518,1269.7324876733528,26028.676554052963
36,20,True,20704.221167246902,0.8171252058607102,0.05907439076217568,1223.0892516604526,25337.88092540644
37,21,True,20671.877719774402,0.696775097680052,0.0676010130191959,1397.439874865695,29667.934156376235
38,22,True,20980.429246765107,0.6720741705418587,0.06823471335401478,1431.5935756972053,31217.431299062824
39,23,True,20614.698871455967,0.7377728002751808,0.06568580618525112,1354.0931146377716,27941.798428685524
40,21,True,9532.241205353894,0.7571367591844672,0.09439205871273741,899.7678715197395,12589.853932889657
41,24,True,11875.343193391185,0.7831393665928542,0.06302016552629759,748.386093729104,15163.7673956506
42,20,True,20651.43751243039,0.7787134985847189,0.062344707770389994,1287.5078367509425,26519.942892942738
43,22,True,20437.77556202487,0.7634912341846449,0.06402432789602834,1308.5148440485152,26768.84114308265
44,15,True,20655.8836536071,0.7100217547466038,0.06677443923309824,1379.2850478337346,29091.9024882257
45,23,True,20746.934912466957,0.6958566018859959,0.06750312260714772,1400.4828911187706,29814.957357932755
46,17,True,7028.156072852671,0.7167008733407263,0.08971824406715359,630.5538218862437,9806.26134874461
47,13,True,11840.844375462852,0.7734353786638727,0.06464335810717323,765.431943254353,15309.41653576564
48,16,True,20662.820166943187,0.7629790993275181,0.06398254285728727,1322.0597768838622,27081.76434342066
49,19,True,4297.536240321006,0.6625906824467928,0.10870085155414877,467.1458489077082,6485.959362499948
50,15,True,20847.2103267536,0.8114117011525231,0.059146395944628796,1233.0373563271228,25692.51872648913
51,22,True,20816.090049294977,0.6908879176986623,0.06748978555542946,1404.873453529427,30129.47471803107
52,19,True,20495.1450792014,0.7785205449362428,0.06393604487585107,1310.3785155208989,26325.760074680955
53,16,True,8081.267234529003,0.749065692465102,0.08020654314915994,648.1705091461429,10788.462635278813
54,24,True,20785.833649423002,0.665296147487894,0.06918054062001867,1437.975209104859,31242.9791272784
55,22,True,17565.377330023213,0.8005648572256814,0.06762669518574335,1187.8884185200463,21941.22958493978
56,23,True,3501.4856920105003,0.6051467559185039,0.11198159014718198,392.10193566894174,5786.176093261667
57,21,True,19929.252519595153,0.8170034809898701,0.0605130922333274,1205.9806958595339,24393.106006658807
58,20,True,20549.190289807528,0.7890302040548755,0.06165072863940679,1266.872554316457,26043.604141139283
59,22,True,20674.169050700206,0.7629103490334158,0.06361773350548967,1315.2437771148882,27099.080615296083
60,21,True,8172.054526538214,0.741250201466336,0.07983664229957237,652.4293940878326,11024.691137179205
61,23,True,20400.462600995175,0.7780057608382143,0.06365517048860542,1298.5949249127666,26221.480132763998
62,12,True,597.3704477740894,0.3121079661143044,0.08082770314476762,48.284081220141005,1913.98654514096
63,17,True,20349.681143722195,0.7647954082822508,0.06424948752407546,1307.4565847624926,26608.006433286617
64,19,True,11845.555178563041,0.7756576002098019,0.06283529312862347,744.3189319162925,15271.629099436432
65,22,True,20463.5491942572,0.7840764860680127,0.06252868510189653,1279.5588236348772,26098.919630759265
66,19,True,20726.13583125497,0.8007287639680235,0.059613040981206324,1235.5479846906514,25884.090548397802
67,22,True,20853.110149833807,0.723401233903024,0.06556075502683359,1367.1456460808313,28826.478546799495
68,23,True,11258.023767575309,0.7930980828219996,0.062268492038985,701.020163345967,14194.995564126239
69,18,True,20525.885387651273,0.7716903980625627,0.06287619358642808,1290.5895431667968,26598.60151063742
70,12,True,20363.063423368585,0.7992867187565826,0.061878635361897236,1260.0385764258115,25476.544205621936
71,29,True,7476.487578172093,0.7124925902507765,0.09776501778947767,730.9389410828035,10493.425027115845
72,24,True,20654.779987487087,0.7409472279680316,0.06459562432132078,1334.2084085112506,27876.18228106556
73,27,True,3854.8678532633576,0.6137437785135192,0.0757520143664913,292.0140050013313,6280.907421334365
74,33,True,20546.09060965516,0.7752073225922884,0.06285474156569357,1291.4192154551984,26503.99449394926
75,21,True,14487.62711357052,0.781821393232716,0.07801663904991445,1130.2759752091852,18530.609726175848
76,28,True,20595.80863701505,0.8076879019292561,0.05988983255888809,1233.4795306857325,25499.71169286995
77,20,True,3805.1660694897664,0.6451746838960803,0.06983881984259332,265.74830759824476,5897.884967387643
78,18,True,14965.22626574759,0.7860729620977714,0.07555750862553488,1130.7352126573046,19037.960834844514
79,20,True,2134.629366718651,0.5231059490665054,0.10197237492345078,217.67322610564258,4080.6826428335335
80,24,True,1399.0824836728057,0.44471078345184584,0.1170129355081773,163.71074843262653,3146.050277470506
81,20,True,21044.262005340042,0.637755316574908,0.07080813021090206,1490.1048442664564,32997.39172439854
82,18,True,20637.017286111346,0.7574081017720771,0.06385959205327127,1317.871505087378,27246.892709264335
83,23,True,3366.5998367307857,0.5892506168890024,0.11523557672731423,387.952073795754,5713.358187904884
84,22,True,7163.106067423916,0.7157188552142266,0.10485498310979231,751.0873657133856,10008.267932636592
85,23,True,3376.8473122974992,0.6171045601610852,0.07772332194339752,262.45979080739517,5472.082901827897
86,21,True,3253.8253078925627,0.6028647427461821,0.07992691744969077,260.0682267796435,5397.272517664028
87,20,True,20476.32643242366,0.7865750376057219,0.06203594507050038,1270.2682618074691,26032.260691557323
88,22,True,20350.922799986685,0.8007219008014983,0.06139086012929143,1249.3606551159905,25415.71896511889
89,17,True,21979.59302422657,0.5562067531540364,0.07088091337857286,1557.9336292464877,39516.94742933033
90,24,True,20582.340406511754,0.822349438718377,0.05902589670692461,1214.8910988215234,25028.70365983239
91,19,True,20427.70166147611,0.7942998890311679,0.06152922295420089,1256.9006099708636,25717.870471305752
92,27,True,20646.3697756968,0.8023110310523313,0.060073636228752,1240.3025073495096,25733.623216692537
93,19,True,11842.448927287467,0.7709001476970184,0.06525015933362334,772.721679405804,15361.845451276036
94,20,True,20600.035429242198,0.7626233451365223,0.06398172051730106,1318.0257094802741,27012.070323593947
95,30,True,20452.56358985478,0.7905189988052008,0.061507846708820674,1257.9931460871949,25872.323904633555
96,22,True,11619.018842097652,0.7581607419110384,0.06793139230744268,789.296127190104,15325.27101417896
97,14,True,20488.87391068451,0.7393492144980851,0.06615349236421175,1355.4105638017652,27712.03851835238
98,29,True,11530.784351759276,0.7656131902185795,0.06591282047225719,760.0265188818216,15060.84861007591
99,23,True,20566.385469628658,0.7652954012537105,0.06309156596196619,1297.5654654562995,26873.786822626542
100,21,True,2313.179759005127,0.5513941906672977,0.09783696486693925,226.3144868126996,4195.147134585722
101,19,True,20360.379415085805,0.8003587119465524,0.06091004458858792,1240.151618013444,25439.067647014585
102,24,True,17320.812224287038,0.7959961928833096,0.0676436772234146,1171.6434313470463,21759.91842567294
103,14,True,20739.79521463714,0.8139821437488516,0.05899597391647198,1223.564417515703,25479.422827531038
104,16,True,20643.751524939253,0.8128545903194764,0.05948733722750281,1228.0418086048367,25396.610624817455
105,23,True,11695.897715899533,0.7628203628715655,0.06751405544421595,789.6374868611198,15332.440355775803
106,24,True,20537.016078293225,0.8148130088599677,0.059478382428730985,1221.5084962497215,25204.575595850216
107,25,True,10465.634800803009,0.783235798600382,0.06556320575451427,686.1605677966527,13362.048593162843
108,17,True,20898.28642516864,0.8207976812891722,0.05793681817921317,1210.7802208721143,25460.9471999788
109,17,True,4753.254710423397,0.6618880407404372,0.11901099010673179,565.6895493169752,7181.3575980403775
110,21,True,19305.893345215485,0.8118932331312723,0.06213897832834714,1199.6484881877263,23778.857314473986
111,24,True,3682.4952527546793,0.6146347032263942,0.07513094279565484,276.6693401799823,5991.355895500536
112,26,True,10155.136999889753,0.7574684189289735,0.09119957467313965,926.1441751374089,13406.680392363634
113,24,True,20517.326373944627,0.7759193489382296,0.061988504074322104,1271.838369525463,26442.60180136067
114,21,True,2174.819948899912,0.5350585393828201,0.0972742334906389,211.55394350938943,4064.639266216601
115,19,True,20343.30173817313,0.7929979411427587,0.06238537079319324,1269.1244220937433,25653.66274325654
116,16,True,20697.754258753514,0.8132746551566891,0.0590667153335547,1222.5483588456632,25449.89460512057
117,28,True,4215.206960946284,0.6329620825236459,0.07255827155184946,305.8481313195866,6659.4936368701265
118,22,True,20659.739489787775,0.8165976405896123,0.058771310705192654,1214.1999686426557,25299.778572554675
119,16,True,4654.319923976905,0.6791468951052763,0.10106037701626555,470.36732627142237,6853.1858976627245
120,25,True,21171.20501297657,0.5927860531064085,0.07194919087113903,1523.2510704506667,35714.74885758862
121,21,True,12127.124499253747,0.7723355657579062,0.08677996566743244,1052.391447689919,15701.885342225813
122,24,True,7520.907554057263,0.7106814489141324,0.10273191011815563,772.6371988503685,10582.670429274103
123,21,True,1345.6493284801163,0.444084384292492,0.11539819985112601,155.28551013748196,3030.165833513788
124,21,True,20453.95621298953,0.7863225510782701,0.06228215601967035,1273.9164920769197,26012.17043176669
125,23,True,9373.843325190053,0.7400393479033595,0.09650582066345476,904.6304428681137,12666.682321348902
126,21,True,20592.807207906277,0.7717905761498585,0.06347391952679102,1307.106187545365,26681.85884133907
127,26,True,20605.339408296008,0.8162664321796567,0.059792486690011824,1232.0444823137152,25243.399208851533
128,16,True,1355.9926451292515,0.4302335575248045,0.11604944922486576,157.3621996202185,3151.7593674711757
129,20,True,6809.504243251265,0.7148290288495163,0.08914531569949856,607.035405521709,9526.060034538386
130,18,True,12935.99801417306,0.7668195832117899,0.08419423050841521,1089.136398661688,16869.67612380373
131,24,True,10718.36928087603,0.7518932438834964,0.0899252411774749,963.8519426120151,14255.174345650601
132,30,True,20378.14627443388,0.813231678955166,0.060681932280035336,1236.585292217851,25058.229778524576
133,22,True,8281.7663684592,0.7364082121343498,0.09888755701091005,818.9636439120467,11246.16243001413
134,20,True,20611.919843239215,0.7216966131587286,0.06795039801360704,1400.5881571726695,28560.366596463256
135,28,True,20500.16115578872,0.7783501976106189,0.06278501980406952,1287.1030241528115,26337.96614778304
136,21,True,20577.733199419676,0.7828994786236023,0.06185291382086656,1272.7927582124898,26284.004219286133
137,17,True,20610.352606775894,0.8067741478644198,0.05974544149559191,1231.3746158716494,25546.620031557468
138,20,True,9887.989612962952,0.7751496241152772,0.06936840294303717,685.9140477685802,12756.233513302264
139,20,True,10706.428185246932,0.7800358868826972,0.06496383525595252,695.5306368060684,13725.558484281606
140,29,True,12230.206487891493,0.7630553525665138,0.08619146066485157,1054.1393614241122,16027.941415725034
141,18,True,14259.73469512755,0.7869015815566497,0.0760230854966234,1084.0690298868487,18121.369977321592
142,24,True,11624.188702807776,0.77434240485847,0.08609558333507568,1000.7913071652322,15011.690732515652
143,19,True,20448.43767607943,0.7706728875079851,0.06373521588785186,1303.2855898542061,26533.225714220494
144,18,True,11774.937804222413,0.7853375296877634,0.06128157133881696,721.5866910595885,14993.473963868662
145,20,True,20529.285109975266,0.8111955490071403,0.060230252255097705,1236.4840207906316,25307.442989673706
146,15,True,20516.692493780356,0.7871297739167069,0.06202643587226673,1272.5773112764834,26065.19683748033
147,20,True,20653.07428080547,0.7828439577122108,0.06228145990222965,1286.3036176777564,26382.10856370684
148,19,True,542.4162763796819,0.2707566214201083,0.08719450496652577,47.295718704712584,2003.335222365861
149,14,True,20433.24108861859,0.7848722537231139,0.06298912956817544,1287.0720704287626,26033.84307661741
150,20,True,2042.5183743684488,0.535610736585086,0.09843671162491253,201.05879220629214,3813.4380714453414
151,19,True,20996.91149498319,0.6433003942828674,0.06956209095623377,1460.5890672140108,32639.357416203566
152,18,True,9597.010956147518,0.7605578105447572,0.09647292038492158,925.8516739056397,12618.38458969156
153,21,True,6456.121924427622,0.7112166343152095,0.10969892272951945,708.229620120142,9077.574416751175
154,24,True,13854.592236993034,0.77601660599253,0.08074307430378319,1118.6623704401463,17853.473920539273
155,17,True,20458.401898355172,0.7869985346977528,0.062609896326209,1280.8984218559349,25995.476479777986
156,20,True,11639.804997288273,0.7658130702472159,0.06798557465888287,791.3388316579798,15199.277016166321
157,33,True,20376.18429858532,0.7784430729305333,0.06242017416989961,1271.8849728356695,26175.561203052355
158,10,True,3800.577137282994,0.6558676322057378,0.10520232571273386,399.82955389281517,5794.731971299353
159,14,True,20530.868779722703,0.7889086408215578,0.06167761615498779,1266.2950439241595,26024.393342101263
160,23,True,7966.710476141255,0.7391077184116501,0.08047183470863328,641.0958086075763,10778.821919573233
161,23,True,20688.168774083497,0.8021811248462268,0.060422863798380425,1250.038404074354,25789.897235551747
162,19,True,20795.743155336306,0.803813961984483,0.05992697079133271,1246.225892653896,25871.33856694287
163,16,True,20859.56263878724,0.8224583613757114,0.05783988054753588,1206.5146113012963,25362.454342242716
164,17,True,20623.08630509629,0.7684800025761854,0.06322520701715052,1303.898900972275,26836.20424208991
165,29,True,1909.963498508806,0.4765128697341844,0.10916655699095154,208.50413911059874,4008.209682928922
166,30,True,2460.2604778840923,0.5322519377994557,0.09587455967759678,235.8763900093312,4622.360771584604
167,16,True,20673.30422813419,0.8015218921561544,0.06027655657751212,1246.1155919512512,25792.563410241288
168,22,True,20646.457571664123,0.7727700128364456,0.06276435943398571,1295.8616840664629,26717.467330132906
169,16,True,11689.634511003032,0.7874443657670486,0.06353436058147464,742.6934540877166,14845.029082932322
170,15,True,8072.774472118808,0.7425257674959587,0.07951285504098683,641.8893463801618,10872.046231261254
171,21,True,20669.086429086237,0.7382634025070327,0.06458777564249775,1334.970317017217,27996.899695822784
172,19,True,20582.08345916608,0.8173312213641352,0.0597025232944211,1228.802317168582,25182.059514151857
173,14,True,10290.031301589019,0.7575483465763515,0.0911645047530985,938.0856075032443,13583.33279729746
174,14,True,11918.407324028496,0.7708748810092543,0.0669541878229472,797.9872825233933,15460.884272716907
175,18,True,8282.865719235208,0.7383191501476754,0.07741478963972712,641.2163072687006,11218.54379312592
176,27,True,20662.29518692406,0.8111000984162443,0.05967221366972013,1232.9648933009623,25474.40843278074
177,15,True,20608.301454952045,0.7799877163906659,0.06316092335283452,1301.6393486283341,26421.315389831267
178,14,True,11895.41383223981,0.7942498460025244,0.060313416536625065,717.4530493394111,14976.916762539735
179,22,True,10963.160487321376,0.7666677921521419,0.08867592705070922,972.168419618928,14299.753556291022
180,13,True,6882.653493383976,0.7237414806499494,0.11121866270423196,765.4795173907762,9509.823158406054
181,15,True,20589.939509102518,0.776090151248288,0.062266425387433634,1282.0619321753038,26530.345058476785
182,19,True,20424.458691499767,0.7845458842734558,0.06273205570580737,1281.2682803961247,26033.478858173145
183,13,True,20577.3854295064,0.7903740501293535,0.06217946540538392,1279.4908254472443,26034.996247838204
184,19,True,20614.99636078612,0.8052021136607189,0.05997709829032548,1236.4276629855713,25602.263097725157
185,15,True,11643.453400940623,0.7998997648978674,0.061851227841512244,720.1618891636091,14556.140546468694
186,18,True,20488.6618139251,0.8065532602523744,0.06043915338065036,1238.3173739360932,25402.738819150145
187,13,True,11857.985071466952,0.7809224261176064,0.06398150491705334,758.691730156408,15184.58770664264
188,13,True,20830.27692641184,0.8172233652888187,0.05841150733826216,1216.7278735451382,25489.08635162446
189,21,True,20318.238604181843,0.796278510415923,0.06166522683657856,1252.9287924466007,25516.497479718426
190,18,True,20832.016284478497,0.7335619291427754,0.06545569396169623,1363.5740825218968,28398.442526621224
191,22,True,5650.459543802073,0.678718596655086,0.10834588319610731,612.2040297371093,8325.187451248734
192,23,True,8462.85770149116,0.7353547263569845,0.09195786083899411,778.2262908139337,11508.537850048157
193,19,True,20550.134444995885,0.7867885925473042,0.061776701312428434,1269.519517538758,26119.00406240365
194,15,True,5853.711008464263,0.6923525926856615,0.09942405701806643,581.999697072834,8454.8119994142
195,14,True,20783.274637738963,0.8214132341957998,0.05841485873055825,1214.0520519219158,25301.850241172113
196,27,True,20455.347521439027,0.8035446227181591,0.06009776713827597,1229.3207120759532,25456.392766644996
197,19,True,5442.850917639205,0.6844955686353559,0.11754964983460153,639.8052194704283,7951.623307789036
198,15,True,20627.412157339222,0.7851641673173367,0.06254365032065926,1290.11365298874,26271.464002001918
199,17,True,11822.443331476215,0.7600770057744559,0.06956201840733482,822.3930206438213,15554.270477410533
