programme_id,net_cost,ec_net,relief,relief_pct,implied_coc,on_hull,marginal_coc
QS0_XS0,0.0,25324.62602589614,0.0,0.0,,True,
QS10_XS0,143.49398116080025,22792.163423306527,2532.462602589614,0.1,0.0566618361961467,False,
QS0_A20_E50_T0_C80_R0,247.92756773134184,21131.322245060295,4193.303780835846,0.1655820613717221,0.059124637920204,False,
QS20_XS0,286.9879623216005,20259.700820716913,5064.925205179228,0.2,0.0566618361961467,True,0.056661836196146766
QS0_A20_E50_T0_C100_R0,309.90945966417735,20082.996299851333,5241.629726044808,0.2069775767146526,0.059124637920204,False,
QS0_A10_E50_T0_C80_R0,348.3673136474548,19563.23767155033,5761.3883543458105,0.2275014189135271,0.0604658620842112,False,
QS10_A20_E50_T0_C80_R0,366.675471764481,19017.43025417278,6307.19577172336,0.2490538563244261,0.0581360536497651,False,
QS0_A50_E100_T0_C80_R0,370.4718673951894,18851.670487492425,6472.955538403716,0.2555992547248153,0.0572338038160773,False,
QS0_A5_E50_T0_C80_R0,411.5746288198498,18716.969344653437,6607.6566812427045,0.2609182332835213,0.062287532278757,False,
QS10_A20_E50_T0_C100_R0,422.4708444154012,18073.74696188934,7250.8790640068,0.2863173204055328,0.0582647759928222,False,
QS10_A10_E50_T0_C80_R0,457.1225658377595,17605.47794749179,7719.148078404352,0.3048079790205392,0.0592193025959223,False,
QS0_A50_E100_T0_C100_R0,463.0898342439869,17241.719509683797,8082.906516212344,0.3191718017058584,0.0572924891949623,False,
QS10_A50_E100_T0_C80_R0,477.0084404831374,16964.919454743187,8359.706571152954,0.3301018764346051,0.0570604286673365,False,
QS20_A20_E50_T0_C80_R0,485.4233767788361,16903.538280947156,8421.087744948985,0.3325256505797106,0.0576437856344622,False,
QS10_A5_E50_T0_C80_R0,513.6947684976161,16847.77759536921,8476.84843052693,0.3347274870657035,0.060599734996758,False,
QS20_A20_E50_T0_C100_R0,535.032230393145,16064.497646004716,9260.128379891425,0.3656570632246382,0.0577780575434547,False,
QS10_A50_E100_T0_C100_R0,560.3870553137217,15515.567578715416,9809.058447180723,0.387332805513112,0.0571295459529844,False,
QS20_A50_E100_T0_C80_R0,583.0961144283252,15086.088237424256,10238.537788471884,0.4042917663622075,0.0569511122071419,True,0.057234311100710936
QS20_A5_E50_T0_C80_R0,616.3559150838853,14972.323970438045,10352.302055458098,0.4087840051368249,0.0595380536408248,False,
QS0_A20_E100_T50_C80_R0,618.3994351265312,14659.522954076594,10665.103071819549,0.4211356590582525,0.0579834466635893,False,
QS0_A20_E100_T0_C80_R0,618.4337792677431,14648.434052715518,10676.191973180625,0.4215735293490018,0.0579264386422887,False,
QS20_A10_E50_T0_C100_R0,635.6002981402183,14494.722865452037,10829.903160444106,0.4276431624052335,0.0586893796485391,False,
QS20_A50_E100_T0_C100_R0,657.1231524550066,13799.315417034932,11525.310608861208,0.4551028945926308,0.0570156566496159,True,0.05752922105106622
QS20_A5_E50_T0_C100_R0,698.6979032744567,13650.479757868325,11674.146268027818,0.4609800064210312,0.0598500213405748,False,
QS10_A20_E100_T50_C80_R0,700.1899310868182,13191.226908287448,12133.399117608693,0.4791146414245751,0.0577076484750808,False,
QS10_A20_E100_T0_C80_R0,700.2208657027977,13181.24734506248,12143.37868083366,0.4795087069959586,0.0576627711369968,False,
QS0_A10_E100_T50_C80_R0,718.8391810426443,13090.282133146617,12234.343892749526,0.4831006736383425,0.0587558423520081,False,
QS0_A10_E100_T0_C80_R0,718.9460085777072,13081.654180294872,12242.971845601269,0.4834413678244252,0.0587231611445724,False,
QS0_A50_E200_T100_C80_R0,747.5928138922975,12615.78813599376,12708.83788990238,0.5018371397432182,0.0588246400157709,False,
QS0_A20_E100_T50_C100_R0,772.9992939081644,12010.104259248492,13314.52176664765,0.5257539342548495,0.0580568575767022,False,
QS0_A20_E100_T0_C100_R0,773.042224084679,11991.093155323251,13333.532870572888,0.5265046305891526,0.0579772991590835,False,
QS20_A20_E100_T50_C80_R0,781.5315288855606,11730.850695590514,13593.775330305629,0.5367808913112901,0.0574918674095807,False,
QS20_A20_E100_T0_C80_R0,781.5590228651968,11721.97991050165,13602.646115394493,0.5371311742761716,0.0574563960743406,False,
QS10_A50_E200_T100_C80_R0,816.1106371639598,11356.444459516815,13968.181566379326,0.5515651663363524,0.0584264052758517,False,
QS10_A20_E100_T50_C100_R0,839.3639185683227,10806.164145346787,14518.461880549354,0.5732942261695492,0.0578135566614555,False,
QS10_A20_E100_T0_C100_R0,839.4025868382971,10789.054711814068,14535.571314082074,0.5739698307575587,0.0577481661161184,False,
QS20_A10_E100_T50_C80_R0,861.9859830832197,10474.105873212357,14850.520152683785,0.5864062962863943,0.058044161027413,False,
QS20_A10_E100_T0_C80_R0,862.0716442223811,10467.207094930962,14857.41893096518,0.5866787101129337,0.0580229747998617,False,
QS20_A50_E200_T100_C80_R0,885.0185004972484,10092.62560118718,15232.00042470896,0.6014699055825429,0.0581025785071272,False,
QS0_A10_E100_T50_C100_R0,898.5489763033056,10039.984066751533,15284.641959144608,0.6035485753477674,0.0587877019759507,False,
QS0_A10_E100_T0_C100_R0,898.6825107221341,10020.911218894556,15303.714807001586,0.6043017097805315,0.0587231611445724,False,
QS20_A20_E100_T50_C100_R0,905.167420526551,9612.12382281034,15712.502203085802,0.6204436024847398,0.0576081014231319,False,
QS20_A20_E100_T0_C100_R0,905.2017880010958,9596.915359670147,15727.710666225992,0.6210441429675346,0.0575545803970659,True,0.0590326080715059
QS10_A10_E100_T50_C100_R0,952.4227861599206,9032.210733946997,16292.415291949146,0.643342779288786,0.0584580474468115,False,
QS10_A10_E100_T0_C100_R0,952.5431249146442,9015.048010875716,16309.578015020425,0.6440204881344656,0.0584039099011263,False,
QS0_A5_E100_T50_C100_R0,977.558120268799,8982.148658130414,16342.477367765729,0.6453195933102601,0.0598170092740625,False,
QS0_A5_E100_T0_C100_R0,977.8311125648552,8965.586052063536,16359.039973832603,0.6459736051819435,0.059773135473045,False,
QS0_A20_E200_T50_C80_R0,995.5354031043538,8566.903246376332,16757.72277951981,0.6617164953347744,0.0594075589029931,False,
QS20_A10_E100_T50_C100_R0,1005.7354882736242,8034.337461770056,17290.288564126084,0.6827460569978643,0.0581676520055498,False,
QS20_A10_E100_T0_C100_R0,1005.8425646975764,8019.083663484475,17305.542362411667,0.6833483876411671,0.0581225681133407,False,
QS10_A20_E200_T50_C80_R0,1039.3052299942951,7713.304891043832,17611.32113485231,0.6954227524167008,0.05901347332413,False,
QS20_A5_E100_T50_C100_R0,1068.8330934078624,7190.094354186345,18134.531671709796,0.716082901013662,0.0589391064934564,False,
QS20_A5_E100_T0_C100_R0,1069.0517242406197,7176.8485352592525,18147.777490636887,0.7166059420612789,0.0589081348827526,False,
QS20_A20_E200_T50_C80_R0,1083.4655677979304,6852.77682038809,18471.84920550805,0.7294026449440689,0.0586549595410759,False,
QS0_A10_E200_T100_C80_R0,1096.0669550748153,6835.651178971759,18488.974846924382,0.7300788895369336,0.0592821919089334,False,
QS10_A10_E200_T50_C80_R0,1129.7523240675737,6234.286444942879,19090.339580953263,0.7538251329528856,0.059179268094044,False,
QS10_A10_E200_T100_C80_R0,1129.835492844698,6152.856902307224,19171.76912358892,0.7570405621778773,0.0589322500996817,False,
QS0_A5_E200_T50_C80_R0,1159.182464192862,6015.677095601546,19308.948930294595,0.7624574163721072,0.0600334315646862,False,
QS0_A5_E200_T100_C80_R0,1159.3858365489923,5810.244945603063,19514.38108029308,0.7705693683428259,0.059411868189856,False,
QS0_A5_E200_T0_C80_R0,1159.4978066817894,5792.097454149203,19532.528571746938,0.7712859629900796,0.0593624016687198,False,
QS20_A10_E200_T50_C80_R0,1163.920021995589,5539.592976962984,19785.033048933157,0.7812566720117259,0.058828308202313,False,
QS20_A10_E200_T100_C80_R0,1163.9940302913044,5465.37111764015,19859.254908255993,0.7841874895980128,0.0586121702787249,False,
QS10_A5_E200_T50_C80_R0,1186.32452672743,5419.227147728562,19905.39887816758,0.7860095883671872,0.0595981288286868,False,
QS10_A5_E200_T100_C80_R0,1186.5074713983806,5235.568366390949,20089.05765950519,0.793261769747864,0.0590623757225855,False,
QS10_A5_E200_T0_C80_R0,1186.595129387466,5218.720803964799,20105.90522193134,0.7939270337643562,0.0590172447492261,False,
QS20_A5_E200_T50_C80_R0,1214.3981061029797,4811.904339984384,20512.72168591176,0.8099910997673219,0.0592021928975438,False,
QS20_A5_E200_T100_C80_R0,1214.5613579257388,4647.721602754051,20676.904423142092,0.8164742256015374,0.0587399996184328,False,
QS20_A5_E200_T0_C80_R0,1214.6396487246109,4630.566734044449,20694.059291851692,0.817151624300024,0.0586950888462408,True,0.06230691480796513
QS0_A10_E200_T100_C100_R0,1370.083693843519,4504.12308120119,20820.502944694952,0.8221445372344129,0.0658045436021811,False,
QS0_A10_E200_T0_C100_R0,1370.1728882964376,4482.670446806253,20841.95557908989,0.8229916429082735,0.065741090517969,False,
QS10_A10_E200_T50_C100_R0,1376.316909794267,4189.736481829965,21134.889544066176,0.834558801478621,0.0651206104921746,False,
QS10_A10_E200_T100_C100_R0,1376.420870765672,4050.9948232581055,21273.631202638036,0.8400373289178806,0.0647007959127818,False,
QS10_A10_E200_T0_C100_R0,1376.4925072205535,4031.770722702621,21292.85530319352,0.8407964359047252,0.0646457456090497,False,
QS20_A10_E200_T50_C100_R0,1383.153036914086,3721.9452745896974,21602.680751306445,0.8530305927999191,0.064026916512685,False,
QS20_A10_E200_T100_C100_R0,1383.2455472837305,3596.690582980923,21727.93544291522,0.8579765569172448,0.0636620792121675,False,
QS20_A10_E200_T0_C100_R0,1383.3093580831314,3580.0285857008967,21744.597440195244,0.8586344934752412,0.0636162321186991,False,
QS20_A5_E200_T50_C100_R0,1446.2506420483242,2509.257451209378,22815.368574686763,0.9009163077613273,0.0633893174819412,False,
QS20_A5_E200_T100_C100_R0,1446.4547068267736,2368.277919780345,22956.348106115795,0.9064832026597897,0.0630089202402983,False,
QS20_A5_E200_T0_C100_R0,1446.5525703253638,2338.0800474929465,22986.545978403195,0.9076756337842028,0.0629304016220818,True,0.10116216724887962
