layer_id,q,attach,exhaust,limit,c,n_reinst,attach_rp,exhaust_rp,ap,ep,years_hit,burning_cost,el,sd,tvar995,k_r,capital_charge,premium,exp_reinst_premium,rol,multiple,net_cost
QS0_A5_E50_C80_R0,0.0,1240.0,10000.0,8760.0,0.8,0,5,50,0.19989,0.02,3,674.5327323714771,400.34331875729555,1284.0167070417995,7008.0,6607.6566812427045,330.38283406213526,811.9179475771454,0.0,0.11585587151500362,2.028054196326836,411.5746288198498
QS0_A5_E50_C80_R1,0.0,1240.0,10000.0,8760.0,0.8,1,5,50,0.19989,0.02,3,674.5327323714771,408.0851997614278,1333.492043385226,8553.285629567308,8145.20042980588,407.26002149029404,856.9826185123014,48.95651621183392,0.12228633255027133,2.219975473880846,497.8539349627075
QS0_A5_E50_C100_R0,0.0,1240.0,10000.0,8760.0,1.0,0,5,50,0.19989,0.02,3,843.1659154643462,500.42914844661937,1605.0208838022493,8760.0,8259.57085155338,412.97854257766903,1014.8974344714316,0.0,0.11585587151500361,2.028054196326836,514.4682860248122
QS0_A5_E50_C100_R1,0.0,1240.0,10000.0,8760.0,1.0,1,5,50,0.19989,0.02,3,843.1659154643462,510.1064997017847,1666.8650542315324,10691.607036959138,10181.500537257354,509.07502686286773,1071.2282731403768,61.1956452647924,0.12228633255027133,2.219975473880846,622.3174187033844
QS0_A5_E100_C80_R0,0.0,1240.0,18220.0,16980.0,0.8,0,5,100,0.19989,0.01,3,674.5327323714771,496.76802093391603,1863.8695655449592,13584.0,13087.231979066084,654.3615989533042,1279.0329109858003,0.0,0.09415731087940225,2.5747086307633866,782.2648900518843
QS0_A5_E100_C80_R1,0.0,1240.0,18220.0,16980.0,0.8,1,5,100,0.19989,0.01,3,674.5327323714771,501.1551250744523,1901.418672340266,14459.669489128988,13958.514364054536,697.9257182027268,1285.3082185780179,47.00382950773698,0.09461927404137352,2.6584823369566952,831.1569230113025
QS0_A5_E100_C100_R0,0.0,1240.0,18220.0,16980.0,1.0,0,5,100,0.19989,0.01,3,843.1659154643462,620.960026167395,2329.836956931199,16980.0,16359.039973832605,817.9519986916303,1598.7911387322501,0.0,0.09415731087940225,2.5747086307633866,977.8311125648552
QS0_A5_E100_C100_R1,0.0,1240.0,18220.0,16980.0,1.0,1,5,100,0.19989,0.01,3,843.1659154643462,626.4439063430654,2376.7733404253327,18074.586861411233,17448.142955068168,872.4071477534085,1606.635273222522,58.75478688467121,0.0946192740413735,2.658482336956695,1038.9461537641278
QS0_A50_E100_C80_R0,0.0,10000.0,18220.0,8220.0,0.8,0,50,100,0.02,0.01,0,0.0,92.49361311341013,728.2581583777975,6576.0,6483.50638688659,324.1753193443295,462.96548050859957,0.0,0.07040229326468972,5.005377830152867,370.4718673951894
QS0_A50_E100_C80_R1,0.0,10000.0,18220.0,8220.0,0.8,1,50,100,0.02,0.01,0,0.0,92.9909948021738,734.3513383986718,6675.277782188355,6582.286787386181,329.11433936930905,462.50070164992087,6.505225207282316,0.07033161521440402,5.043562850950805,376.01493205502936
QS0_A50_E100_C100_R0,0.0,10000.0,18220.0,8220.0,1.0,0,50,100,0.02,0.01,0,0.0,115.61701639176268,910.3226979722469,8220.0,8104.382983608238,405.21914918041193,578.7068506357496,0.0,0.07040229326468973,5.0053778301528675,463.0898342439869
QS0_A50_E100_C100_R1,0.0,10000.0,18220.0,8220.0,1.0,1,50,100,0.02,0.01,0,0.0,116.23874350271724,917.9391729983398,8344.097227735443,8227.858484232725,411.3929242116363,578.1258770624011,8.131531509102896,0.07033161521440402,5.043562850950805,470.0186650687867
QS0_A5_E200_C80_R0,0.0,1240.0,26640.0,25400.0,0.8,0,5,200,0.19989,0.0,3,674.5327323714771,551.7269530012485,2291.6417434141786,20319.233567270967,19767.506614269718,988.3753307134859,1711.224759683038,0.0,0.08421381691353533,3.1015790516929225,1159.4978066817894
QS0_A5_E200_C80_R1,0.0,1240.0,26640.0,25400.0,0.8,1,5,200,0.19989,0.0,3,674.5327323714771,554.5375854534698,2320.118435575131,20880.238048752242,20325.700463298774,1016.2850231649387,1699.2213373410314,46.13711667942293,0.08362309731009013,3.147412366274863,1190.8208685669845
QS0_A5_E200_C100_R0,0.0,1240.0,26640.0,25400.0,1.0,0,5,200,0.19989,0.0,3,843.1659154643462,689.6586912515606,2864.5521792677227,25399.041959088703,24709.383267837144,1235.4691633918574,2139.0309496037976,0.0,0.08421381691353534,3.1015790516929225,1449.372258352237
QS0_A5_E200_C100_R1,0.0,1240.0,26640.0,25400.0,1.0,1,5,200,0.19989,0.0,3,843.1659154643462,693.1719818168372,2900.148044468913,26100.297560940297,25407.125579123458,1270.356278956173,2124.0266716762885,57.67139584927864,0.0836230973100901,3.147412366274862,1488.52608570873
QS0_A50_E200_C80_R0,0.0,10000.0,26640.0,16640.0,0.8,0,50,200,0.02,0.0,0,0.0,145.95543297323553,1246.1889217865657,13310.985603740979,13165.030170767743,658.2515085383872,893.5632683462475,0.0,0.06712464455726018,6.122165171543179,747.607835373012
QS0_A50_E200_C80_R1,0.0,10000.0,26640.0,16640.0,0.8,1,50,200,0.02,0.0,0,0.0,146.32530408294548,1251.702129756826,13384.812172545362,13238.486868462416,661.9243434231208,888.315494973923,9.739668921706203,0.06673043081234398,6.137387989889709,751.7298598126838
QS0_A50_E200_C100_R0,0.0,10000.0,26640.0,16640.0,1.0,0,50,200,0.02,0.0,0,0.0,182.4442912165444,1557.7361522332076,16638.732004676225,16456.287713459682,822.8143856729841,1116.9540854328095,0.0,0.0671246445572602,6.12216517154318,934.5097942162652
QS0_A50_E200_C100_R1,0.0,10000.0,26640.0,16640.0,1.0,1,50,200,0.02,0.0,0,0.0,182.90663010368183,1564.627662196033,16731.015215681702,16548.108585578022,827.4054292789011,1110.394368717404,12.174586152132756,0.06673043081234399,6.137387989889711,939.6623247658549
QS0_A100_E200_C80_R0,0.0,18220.0,26640.0,8420.0,0.8,0,100,200,0.01,0.0,0,0.0,53.19963034845054,572.389246135274,6734.977406599493,6681.777776251043,334.08888881255217,430.32057684555855,0.0,0.06388369608752353,8.088788851106967,377.120946497108
QS0_A100_E200_C80_R1,0.0,18220.0,26640.0,8420.0,0.8,1,100,200,0.01,0.0,0,0.0,53.334309280771684,574.7490266201378,6761.859429018885,6708.525119738113,335.4262559869057,428.57140920268,3.3847744280726113,0.06362402155621734,8.099030238805087,378.62187434998094
QS0_A100_E200_C100_R0,0.0,18220.0,26640.0,8420.0,1.0,0,100,200,0.01,0.0,0,0.0,66.49953793556318,715.4865576690925,8418.721758249363,8352.2222203138,417.6111110156901,537.9007210569481,0.0,0.06388369608752353,8.088788851106964,471.4011831213849
QS0_A100_E200_C100_R1,0.0,18220.0,26640.0,8420.0,1.0,1,100,200,0.01,0.0,0,0.0,66.66788660096461,718.4362832751723,8452.324286273602,8385.656399672638,419.28281998363195,535.7142615033498,4.230968035090762,0.06362402155621731,8.099030238805083,473.27734293747596
QS0_A10_E50_C80_R0,0.0,2480.0,10000.0,7520.0,0.8,0,10,50,0.09992,0.02,2,489.6778980247919,254.6116456541881,1036.683777399798,6016.0,5761.388354345812,288.0694177172906,602.9789593016429,0.0,0.10022921530944863,2.3682300852829217,348.3673136474548
QS0_A10_E50_C80_R1,0.0,2480.0,10000.0,7520.0,0.8,1,10,50,0.09992,0.02,2,489.6778980247919,258.7919876410009,1066.6087746173303,6850.39959816623,6591.60761052523,329.5803805262615,627.2023575859592,26.544718155443423,0.10425571103490014,2.5261488259377174,394.9550881004018
QS0_A10_E50_C100_R0,0.0,2480.0,10000.0,7520.0,1.0,0,10,50,0.09992,0.02,2,612.0973725309898,318.2645570677351,1295.8547217497473,7520.0,7201.735442932265,360.08677214661327,753.7236991270538,0.0,0.10022921530944864,2.3682300852829226,435.4591420593187
QS0_A10_E50_C100_R1,0.0,2480.0,10000.0,7520.0,1.0,1,10,50,0.09992,0.02,2,612.0973725309898,323.48998455125115,1333.2609682716627,8562.999497707788,8239.509513156536,411.9754756578268,784.0029469824489,33.18089769430427,0.10425571103490011,2.5261488259377165,493.69386012550194
QS0_A10_E100_C80_R0,0.0,2480.0,18220.0,15740.0,0.8,0,10,100,0.09992,0.01,2,489.6778980247919,349.02815439873086,1644.1830397964354,12592.0,12242.971845601269,612.1485922800634,1067.974162976438,0.0,0.08481370417538421,3.0598510450144976,718.9460085777072
QS0_A10_E100_C80_R1,0.0,2480.0,18220.0,15740.0,0.8,1,10,100,0.09992,0.01,2,489.6778980247919,351.8493325102103,1670.761678944028,13155.109403488903,12803.260070978693,640.1630035489347,1072.507891320731,29.72803763387463,0.08517375248735157,3.132692965738737,750.3865964443954
QS0_A10_E100_C100_R0,0.0,2480.0,18220.0,15740.0,1.0,0,10,100,0.09992,0.01,2,612.0973725309898,436.2851929984136,2055.228799745544,15740.0,15303.714807001586,765.1857403500794,1334.9677037205477,0.0,0.08481370417538422,3.0598510450144976,898.6825107221341
QS0_A10_E100_C100_R1,0.0,2480.0,18220.0,15740.0,1.0,1,10,100,0.09992,0.01,2,612.0973725309898,439.81166563776276,2088.4520986800353,16443.886754361127,16004.075088723364,800.2037544361683,1340.6348641509137,37.16004704234329,0.08517375248735157,3.1326929657387375,937.9832455554941
QS0_A10_E200_C80_R0,0.0,2480.0,26640.0,24160.0,0.8,0,10,200,0.09992,0.0,2,489.6778980247919,403.37488274929996,2090.298518783416,19327.114708719404,18923.739825970104,946.1869912985053,1499.5131933864502,0.0,0.07758242929358704,3.717418355764127,1096.1383106371502
QS0_A10_E200_C80_R1,0.0,2480.0,26640.0,24160.0,0.8,1,10,200,0.09992,0.0,2,489.6778980247919,405.21195288922775,2110.4257960053824,19693.795375371654,19288.583422482425,964.4291711241212,1490.7123413704971,31.111129755445923,0.07712708719839079,3.755623347917286,1116.6115182367153
QS0_A10_E200_C100_R0,0.0,2480.0,26640.0,24160.0,1.0,0,10,200,0.09992,0.0,2,612.0973725309898,504.2186034366249,2612.8731484792697,24158.89338589925,23654.674782462625,1182.7337391231313,1874.3914917330626,0.0,0.07758242929358702,3.717418355764127,1370.1728882964376
QS0_A10_E200_C100_R1,0.0,2480.0,26640.0,24160.0,1.0,1,10,200,0.09992,0.0,2,612.0973725309898,506.5149411115346,2638.0322450067283,24617.244219214565,24110.72927810303,1205.5364639051515,1863.3904267131218,38.888912194307395,0.0771270871983908,3.755623347917287,1395.7643977958944
QS0_A20_E50_C80_R0,0.0,4590.0,10000.0,5410.0,0.8,0,20,50,0.04993,0.02,2,264.61123135812517,134.69621916415466,691.5041340334443,4328.0,4193.303780835845,209.66518904179225,382.6237868954965,0.0,0.0884066051052441,2.8406423674683237,247.92756773134184
QS0_A20_E50_C80_R1,0.0,4590.0,10000.0,5410.0,0.8,1,20,50,0.04993,0.02,2,264.61123135812517,136.3811990233189,705.5042019900823,4664.323325182498,4527.942126159179,226.39710630795895,390.920751931502,12.166253992139954,0.09032364878269455,2.9555907178578247,266.70580690032307
QS0_A20_E50_C100_R0,0.0,4590.0,10000.0,5410.0,1.0,0,20,50,0.04993,0.02,2,330.7640391976564,168.37027395519328,864.3801675418055,5410.0,5241.629726044806,262.0814863022403,478.27973361937063,0.0,0.0884066051052441,2.8406423674683245,309.90945966417735
QS0_A20_E50_C100_R1,0.0,4590.0,10000.0,5410.0,1.0,1,20,50,0.04993,0.02,2,330.7640391976564,170.47649877914867,881.8802524876028,5830.404156478123,5659.927657698974,282.99638288494873,488.65093991437766,15.207817490174945,0.09032364878269458,2.9555907178578247,333.3822586254039
QS0_A20_E100_C80_R0,0.0,4590.0,18220.0,13630.0,0.8,0,20,100,0.04993,0.01,2,264.61123135812517,227.80802681937732,1338.9888641060845,10904.0,10676.191973180623,533.8095986590312,846.2418060871205,0.0,0.07760838280329425,3.714714612571936,618.4337792677431
QS0_A20_E100_C80_R1,0.0,4590.0,18220.0,13630.0,0.8,1,20,100,0.04993,0.01,2,264.61123135812517,229.42314817679446,1356.0301358615272,11226.379512458514,10996.95636428172,549.847818214086,848.1372175475598,17.71941177564073,0.07778220997318046,3.7740595759586024,636.433481146406
QS0_A20_E100_C100_R0,0.0,4590.0,18220.0,13630.0,1.0,0,20,100,0.04993,0.01,2,330.7640391976564,284.7600335242216,1673.7360801326056,13630.0,13345.239966475778,667.2619983237889,1057.8022576089006,0.0,0.07760838280329425,3.7147146125719366,773.042224084679
QS0_A20_E100_C100_R1,0.0,4590.0,18220.0,13630.0,1.0,1,20,100,0.04993,0.01,2,330.7640391976564,286.7789352209931,1695.0376698269088,14032.974390573141,13746.195455352148,687.3097727676075,1060.1715219344496,22.14926471955091,0.07778220997318046,3.774059575958602,795.5418514330074
QS0_A20_E200_C80_R0,0.0,4590.0,26640.0,22050.0,0.8,0,20,200,0.04993,0.0,2,264.61123135812517,281.70702264391554,1810.0792312478459,17639.03683587527,17357.329813231354,867.8664906615677,1277.3039036727591,0.0,0.07240951834879587,4.534157124252107,995.5968810288437
QS0_A20_E200_C80_R1,0.0,4590.0,26640.0,22050.0,0.8,1,20,200,0.04993,0.0,2,264.61123135812517,282.76665679598955,1822.9037284704164,17850.540658644542,17567.774001848553,878.3887000924277,1269.892704208234,20.279914556674154,0.07198938232472982,4.562675929983293,1007.4059619689185
QS0_A20_E200_C100_R0,0.0,4590.0,26640.0,22050.0,1.0,0,20,200,0.04993,0.0,2,330.7640391976564,352.1337783048944,2262.599039059807,22048.796044844094,21696.6622665392,1084.83311332696,1596.6298795909493,0.0,0.07240951834879589,4.534157124252108,1244.496101286055
QS0_A20_E200_C100_R1,0.0,4590.0,26640.0,22050.0,1.0,1,20,200,0.04993,0.0,2,330.7640391976564,353.4583209949869,2278.6296605880207,22313.175823305675,21959.71750231069,1097.9858751155346,1587.365880260292,25.349893195842686,0.07198938232472979,4.562675929983292,1259.2574524611478
QS10_A5_E50_C80_R0,0.1,1120.0,9000.0,7880.0,0.8,0,5,50,0.1992,0.02,3,606.4394591343294,359.6141720626831,1154.725281070801,6304.0,5944.385827937317,297.21929139686586,729.8149593994989,0.0,0.11577013949865148,2.0294388155322403,370.2007873368158
QS10_A5_E50_C80_R1,0.1,1120.0,9000.0,7880.0,0.8,1,5,50,0.1992,0.02,3,606.4394591343294,366.5649122398457,1199.1661816044407,7691.373288854824,7324.808376614978,366.2404188307489,770.2868289698472,43.94131666414676,0.12219016957008998,2.2212386359042444,447.6632333941482
QS10_A5_E50_C100_R0,0.1,1120.0,9000.0,7880.0,1.0,0,5,50,0.1992,0.02,3,758.0493239179117,449.5177150783539,1443.406601338501,7880.0,7430.482284921646,371.5241142460823,912.2686992493735,0.0,0.11577013949865146,2.0294388155322403,462.75098417101964
QS10_A5_E50_C100_R1,0.1,1120.0,9000.0,7880.0,1.0,1,5,50,0.1992,0.02,3,758.0493239179117,458.2061402998072,1498.9577270055509,9614.216611068528,9156.01047076872,457.80052353843604,962.858536212309,54.926645830183446,0.12219016957008998,2.221238635904244,559.5790417426853
QS10_A5_E100_C80_R0,0.1,1120.0,16400.0,15280.0,0.8,0,5,100,0.1992,0.01,3,606.4394591343294,446.4032840216415,1676.807621001652,12224.0,11777.596715978358,588.879835798918,1150.3145775783994,0.0,0.09410295955320676,2.576850616364714,703.9112935567579
QS10_A5_E100_C80_R1,0.1,1120.0,16400.0,15280.0,0.8,1,5,100,0.1992,0.01,3,606.4394591343294,450.34381302156777,1710.550460245775,13010.53273451622,12560.188921494653,628.0094460747328,1155.9563867689842,42.21390111579396,0.09456449499091821,2.660567888888474,747.8264748632105
QS10_A5_E100_C100_R0,0.1,1120.0,16400.0,15280.0,1.0,0,5,100,0.1992,0.01,3,758.0493239179117,558.0041050270519,2096.009526252065,15280.0,14721.995894972948,736.0997947486475,1437.8932219729993,0.0,0.09410295955320676,2.5768506163647142,879.8891169459474
QS10_A5_E100_C100_R1,0.1,1120.0,16400.0,15280.0,1.0,1,5,100,0.1992,0.01,3,758.0493239179117,562.9297662769598,2138.1880753072182,16263.165918145276,15700.236151868316,785.0118075934158,1444.9454834612304,52.767376394742456,0.09456449499091822,2.6605678888884743,934.7830935790132
QS10_A50_E100_C80_R0,0.1,9000.0,16400.0,7400.0,0.8,0,50,100,0.02,0.01,0,0.0,83.26026780206912,655.574934385764,5920.0,5836.739732197931,291.83698660989654,416.77472712440624,0.0,0.07040113633858214,5.005685642462573,333.51445932233713
QS10_A50_E100_C80_R1,0.1,9000.0,16400.0,7400.0,0.8,1,50,100,0.02,0.01,0,0.0,83.70792732195642,661.0590445991885,6009.353197582293,5925.645270260337,296.28226351301686,416.35560038161486,5.855722768355495,0.07033033790229981,5.043863068381401,338.50339582801394
QS10_A50_E100_C100_R0,0.1,9000.0,16400.0,7400.0,1.0,0,50,100,0.02,0.01,0,0.0,104.07533475258641,819.4686679822048,7400.0,7295.924665247414,364.7962332623707,520.9684089055079,0.0,0.07040113633858215,5.0056856424625735,416.8930741529215
QS10_A50_E100_C100_R1,0.1,9000.0,16400.0,7400.0,1.0,1,50,100,0.02,0.01,0,0.0,104.63490915244553,826.3238057489858,7511.691496977867,7407.056587825422,370.35282939127114,520.4445004770187,7.3196534604443695,0.07033033790229982,5.0438630683814,423.1292447850175
QS10_A5_E200_C80_R0,0.1,1120.0,23970.0,22850.0,0.8,0,5,200,0.1992,0.00622,3,606.4394591343294,495.820668079983,2061.5277199002185,18280.0,17784.17933192002,889.208966596001,1538.921816306649,0.0,0.08418609498395235,3.103787145997711,1043.1011482266658
QS10_A5_E200_C80_R1,0.1,1120.0,23970.0,22850.0,0.8,1,5,200,0.1992,0.00622,3,606.4394591343294,498.3476947843386,2087.1349310076716,18784.396547775563,18286.048852991225,914.3024426495613,1528.1619061970098,41.44935761843445,0.08359747845716684,3.149630830528268,1071.2635690311058
QS10_A5_E200_C100_R0,0.1,1120.0,23970.0,22850.0,1.0,0,5,200,0.1992,0.00622,3,758.0493239179117,619.7758350999787,2576.909649875273,22850.0,22230.22416490002,1111.5112082450012,1923.652270383311,0.0,0.08418609498395234,3.103787145997711,1303.8764352833323
QS10_A5_E200_C100_R1,0.1,1120.0,23970.0,22850.0,1.0,1,5,200,0.1992,0.00622,3,758.0493239179117,622.9346184804233,2608.9186637595894,23480.49568471945,22857.561066239028,1142.8780533119514,1910.202382746262,51.81169702304305,0.08359747845716682,3.149630830528267,1339.0794612888817
QS10_A50_E200_C80_R0,0.1,9000.0,23970.0,14970.0,0.8,0,50,200,0.02,0.00622,0,0.0,131.3356481366561,1121.3139462885483,11976.0,11844.664351863345,592.2332175931673,803.9654063664705,0.0,0.06713137995712011,6.121456114717127,672.6297582298143
QS10_A50_E200_C80_R1,0.1,9000.0,23970.0,14970.0,0.8,1,50,200,0.02,0.00622,0,0.0,131.6685875767615,1126.2756266287047,12042.454978064952,11910.78639048819,595.5393195244095,799.2438219591978,8.76496370876999,0.06673712608209735,6.13668605806914,676.3401980912063
QS10_A50_E200_C100_R0,0.1,9000.0,23970.0,14970.0,1.0,0,50,200,0.02,0.00622,0,0.0,164.1695601708201,1401.642432860685,14970.0,14805.83043982918,740.291521991459,1004.9567579580879,0.0,0.0671313799571201,6.121456114717127,840.7871977872678
QS10_A50_E200_C100_R1,0.1,9000.0,23970.0,14970.0,1.0,1,50,200,0.02,0.00622,0,0.0,164.58573447095185,1407.8445332858814,15053.068722581189,14888.482988110238,744.4241494055119,999.0547774489972,10.956204635962486,0.06673712608209735,6.136686058069141,845.425247614008
QS10_A100_E200_C80_R0,0.1,16400.0,23970.0,7570.0,0.8,0,100,200,0.01,0.00622,0,0.0,47.83954025480506,514.7214590448554,6056.0,6008.160459745195,300.40802298725976,386.94173693562755,0.0,0.06389394599333348,8.088324738797269,339.1021966808225
QS10_A100_E200_C80_R1,0.1,16400.0,23970.0,7570.0,0.8,1,100,200,0.01,0.00622,0,0.0,47.96066025480506,516.8434067783454,6080.175648702595,6032.21498844779,301.6107494223895,385.36844865222434,3.0442287668807566,0.06363415598616651,8.098568188084753,340.4520171643
QS10_A100_E200_C100_R0,0.1,16400.0,23970.0,7570.0,1.0,0,100,200,0.01,0.00622,0,0.0,59.79942531850632,643.4018238060692,7570.0,7510.200574681494,375.5100287340747,483.67717116953446,0.0,0.06389394599333348,8.088324738797269,423.8777458510281
QS10_A100_E200_C100_R1,0.1,16400.0,23970.0,7570.0,1.0,1,100,200,0.01,0.00622,0,0.0,59.950825318506325,646.0542584729317,7600.219560878243,7540.268735559736,377.01343677798684,481.71056081528036,3.8052859586009453,0.0636341559861665,8.098568188084753,425.565021455375
QS10_A10_E50_C80_R0,0.1,2230.0,9000.0,6770.0,0.8,0,10,50,0.09997,0.02,2,440.923441555646,229.31452418526388,933.3793188773209,5416.0,5186.6854758147365,259.33427379073686,542.9431088622231,0.0,0.10024798908091268,2.3676786753532357,313.62858467695924
QS10_A10_E50_C80_R1,0.1,2230.0,9000.0,6770.0,0.8,1,10,50,0.09997,0.02,2,440.923441555646,233.0806559733954,960.3344104628738,6167.722911802701,5934.642255829305,296.7321127914653,564.7684451587278,23.912409024450692,0.10427777790966171,2.5256529836194233,355.600198209783
QS10_A10_E50_C100_R0,0.1,2230.0,9000.0,6770.0,1.0,0,10,50,0.09997,0.02,2,551.1543019445575,286.64315523157984,1166.7241485966508,6770.0,6483.35684476842,324.16784223842103,678.6788860777788,0.0,0.10024798908091268,2.3676786753532353,392.03573084619893
QS10_A10_E50_C100_R1,0.1,2230.0,9000.0,6770.0,1.0,1,10,50,0.09997,0.02,2,551.1543019445575,291.3508199667442,1200.4180130785924,7709.653639753377,7418.302819786633,370.9151409893317,705.9605564484099,29.89051128056337,0.10427777790966172,2.525652983619424,444.50024776222904
QS10_A10_E100_C80_R0,0.1,2230.0,16400.0,14170.0,0.8,0,10,100,0.09997,0.01,2,440.923441555646,314.3076700553523,1480.2079774307258,11336.0,11021.692329944648,551.0846164972324,961.5469850584274,0.0,0.0848224228174336,3.0592539624918818,647.239315003075
QS10_A10_E100_C80_R1,0.1,2230.0,16400.0,14170.0,0.8,1,10,100,0.09997,0.01,2,440.923441555646,316.84834635568376,1504.1416379793081,11843.121018030233,11526.27267167455,576.3136335837274,965.6286904209628,26.773509511716117,0.08518248856924514,3.1321047161743434,675.5538535769952
QS10_A10_E100_C100_R0,0.1,2230.0,16400.0,14170.0,1.0,0,10,100,0.09997,0.01,2,551.1543019445575,392.8845875691904,1850.2599717884075,14170.0,13777.11541243081,688.8557706215406,1201.9337313230344,0.0,0.08482242281743362,3.0592539624918818,809.049143753844
QS10_A10_E100_C100_R1,0.1,2230.0,16400.0,14170.0,1.0,1,10,100,0.09997,0.01,2,551.1543019445575,396.06043294460477,1880.1770474741354,14803.901272537789,14407.840839593184,720.3920419796592,1207.0358630262037,33.46688688964515,0.08518248856924515,3.1321047161743434,844.442316971244
QS10_A10_E200_C80_R0,0.1,2230.0,23970.0,21740.0,0.8,0,10,200,0.09997,0.00622,2,440.923441555646,363.17877526044936,1881.3346832137067,17392.0,17028.82122473955,851.4410612369775,1349.577596108252,0.0,0.07759760787190961,3.716014503161476,986.3988208478027
QS10_A10_E200_C80_R1,0.1,2230.0,23970.0,21740.0,0.8,1,10,200,0.09997,0.00622,2,440.923441555646,364.8344681184546,1899.46914262818,17722.47761636832,17357.643148249866,867.8821574124934,1341.6684927446693,28.016646734161796,0.07714285261871373,3.7542646300461975,1004.8506713603765
QS10_A10_E200_C100_R0,0.1,2230.0,23970.0,21740.0,1.0,0,10,200,0.09997,0.00622,2,551.1543019445575,453.97346907556164,2351.6683540171334,21740.0,21286.02653092444,1064.301326546222,1686.971995135315,0.0,0.07759760787190961,3.716014503161476,1232.9985260597532
QS10_A10_E200_C100_R1,0.1,2230.0,23970.0,21740.0,1.0,1,10,200,0.09997,0.00622,2,551.1543019445575,456.0430851480682,2374.336428285225,22153.097020460402,21697.053935312335,1084.8526967656169,1677.0856159308366,35.02080841770225,0.07714285261871373,3.7542646300461975,1256.0633392004706
QS10_A20_E50_C80_R0,0.1,4130.0,9000.0,4870.0,0.8,0,20,50,0.04998,0.02,2,238.25677488897932,121.26683086625367,622.5026760418015,3896.0,3774.7331691337463,188.73665845668734,344.44832146993446,0.0,0.08841076013088667,2.840416616888667,223.1814906036808
QS10_A20_E50_C80_R1,0.1,4130.0,9000.0,4870.0,0.8,1,20,50,0.04998,0.02,2,238.25677488897932,122.78403273950155,635.1077844995367,4198.834705239099,4076.0506724995976,203.8025336249799,351.9201033730501,10.953859254151482,0.0903285686275796,2.955383974047135,240.08992988770004
QS10_A20_E50_C100_R0,0.1,4130.0,9000.0,4870.0,1.0,0,20,50,0.04998,0.02,2,297.82096861122415,151.58353858281708,778.1283450522518,4870.0,4718.416461417183,235.92082307085917,430.56040183741806,0.0,0.08841076013088667,2.840416616888667,278.97686325460097
QS10_A20_E50_C100_R1,0.1,4130.0,9000.0,4870.0,1.0,1,20,50,0.04998,0.02,2,297.82096861122415,153.48004092437694,793.8847306244207,5248.543381548873,5095.063340624496,254.75316703122482,439.90012921631256,13.69232406768935,0.09032856862757958,2.9553839740471344,300.11241235962495
QS10_A20_E100_C80_R0,0.1,4130.0,16400.0,12270.0,0.8,0,20,100,0.04998,0.01,2,238.25677488897932,205.08392175595407,1205.3499953141365,9816.0,9610.916078244047,480.54580391220236,761.8108062979516,0.0,0.07760908784616459,3.7146296002886654,556.7268845419975
QS10_A20_E100_C80_R1,0.1,4130.0,16400.0,12270.0,0.8,1,20,100,0.04998,0.01,2,238.25677488897932,206.53784297762954,1220.6902928759537,10106.203836661765,9899.665993684135,494.98329968420677,763.5159352393749,15.952001051554204,0.07778279698852637,3.7739715155994666,572.9300933132996
QS10_A20_E100_C100_R0,0.1,4130.0,16400.0,12270.0,1.0,0,20,100,0.04998,0.01,2,297.82096861122415,256.35490219494255,1506.6874941426709,12270.0,12013.645097805058,600.6822548902529,952.2635078724395,0.0,0.07760908784616459,3.714629600288666,695.908605677497
QS10_A20_E100_C100_R1,0.1,4130.0,16400.0,12270.0,1.0,1,20,100,0.04998,0.01,2,297.82096861122415,258.1723037220369,1525.8628660949425,12632.754795827206,12374.58249210517,618.7291246052586,954.3949190492187,19.940001314442757,0.07778279698852639,3.773971515599467,716.1626166416246
QS10_A20_E200_C80_R0,0.1,4130.0,23970.0,19840.0,0.8,0,20,200,0.04998,0.00622,2,238.25677488897932,253.55216585536644,1628.9537504037746,15872.0,15618.447834144634,780.9223917072318,1149.4161750695534,0.0,0.07241785377202328,4.533253230915858,895.864009214187
QS10_A20_E200_C80_R1,0.1,4130.0,23970.0,19840.0,0.8,1,20,200,0.04998,0.00622,2,238.25677488897932,254.5067746370157,1640.5041588700376,16062.540674979879,15808.033900342863,790.4016950171432,1142.7541319220916,18.25527880475148,0.07199811819065598,4.561801595979932,906.5026360898273
QS10_A20_E200_C100_R0,0.1,4130.0,23970.0,19840.0,1.0,0,20,200,0.04998,0.00622,2,297.82096861122415,316.94020731920807,2036.192188004718,19840.0,19523.059792680793,976.1529896340397,1436.770218836942,0.0,0.07241785377202328,4.533253230915858,1119.830011517734
QS10_A20_E200_C100_R1,0.1,4130.0,23970.0,19840.0,1.0,1,20,200,0.04998,0.00622,2,297.82096861122415,318.13346829626954,2050.6301985875475,20078.17584372485,19760.04237542858,988.0021187714291,1428.4426649026148,22.81909850593935,0.07199811819065599,4.561801595979934,1133.1282951122846
QS20_A5_E50_C80_R0,0.2,990.0,8000.0,7010.0,0.8,0,5,50,0.20032,0.02,3,539.9461858971815,320.6231497211281,1027.6584623208587,5608.0,5287.376850278872,264.3688425139436,649.9911024834129,0.0,0.11590426221173554,2.0272743969010434,329.3679527622848
QS20_A5_E50_C80_R1,0.2,990.0,8000.0,7010.0,0.8,1,5,50,0.20032,0.02,3,539.9461858971815,326.8251862643397,1067.2824515419782,6845.931445750828,6519.106259486488,325.95531297432444,686.0864182460355,39.22524757470241,0.12234065945899349,2.2192649046150867,398.48647955639814
QS20_A5_E50_C100_R0,0.2,990.0,8000.0,7010.0,1.0,0,5,50,0.20032,0.02,3,674.9327323714771,400.77893715141005,1284.573077901073,7010.0,6609.22106284859,330.46105314242953,812.4888781042662,0.0,0.11590426221173554,2.027274396901044,411.70994095285613
QS20_A5_E50_C100_R1,0.2,990.0,8000.0,7010.0,1.0,1,5,50,0.20032,0.02,3,674.9327323714771,408.5314828304246,1334.1030644274729,8557.414307188534,8148.882824358109,407.4441412179055,857.6080228075442,49.031559468378006,0.12234065945899347,2.2192649046150867,498.1080994454976
QS20_A5_E100_C80_R0,0.2,990.0,14570.0,13580.0,0.8,0,5,100,0.20032,0.01003,3,539.9461858971815,397.71817163387084,1491.1433370884627,10864.0,10466.281828366129,523.3140914183065,1023.3691811690859,0.0,0.09419819414295709,2.573101392287334,625.651009535215
QS20_A5_E100_C80_R1,0.2,990.0,14570.0,13580.0,0.8,1,5,100,0.20032,0.01003,3,539.9461858971815,401.23287794507587,1521.2124306569667,11565.538185869274,11164.305307924198,558.2152653962099,1028.4048106259474,37.64868197548131,0.09466170937278603,2.6569445107819885,664.820614656353
QS20_A5_E100_C100_R0,0.2,990.0,14570.0,13580.0,1.0,0,5,100,0.20032,0.01003,3,674.9327323714771,497.1477145423384,1863.9291713605783,13580.0,13082.852285457662,654.1426142728832,1279.2114764613573,0.0,0.09419819414295709,2.5731013922873345,782.0637619190188
QS20_A5_E100_C100_R1,0.2,990.0,14570.0,13580.0,1.0,1,5,100,0.20032,0.01003,3,674.9327323714771,501.54109743134484,1901.5155383212082,14456.922732336594,13955.381634905249,697.7690817452625,1285.5060132824344,47.060852469351644,0.09466170937278603,2.6569445107819885,831.0257683204412
QS20_A50_E100_C80_R0,0.2,8000.0,14570.0,6570.0,0.8,0,50,100,0.02,0.01003,0,0.0,73.94673792104466,582.1778705184056,5256.0,5182.053262078955,259.1026631039478,370.0548900277694,0.0,0.07040618151213268,5.0043436726429915,296.10815210672473
QS20_A50_E100_C80_R1,0.2,8000.0,14570.0,6570.0,0.8,1,50,100,0.02,0.01003,0,0.0,74.34459527205559,587.0516778962051,5335.4126449123605,5261.068049640305,263.05340248201526,369.6855529277453,5.201111243444532,0.07033591189645078,5.042554375329299,300.5420688991342
QS20_A50_E100_C100_R0,0.2,8000.0,14570.0,6570.0,1.0,0,50,100,0.02,0.01003,0,0.0,92.4334224013058,727.722338148007,6570.0,6477.5665775986945,323.87832887993477,462.56861253471175,0.0,0.07040618151213268,5.004343672642992,370.13519013340596
QS20_A50_E100_C100_R1,0.2,8000.0,14570.0,6570.0,1.0,1,50,100,0.02,0.01003,0,0.0,92.9307440900695,733.8145973702564,6669.265806140451,6576.335062050382,328.8167531025191,462.1069411596816,6.501389054305665,0.07033591189645078,5.042554375329298,375.67758612391776
QS20_A5_E200_C80_R0,0.2,990.0,21310.0,20320.0,0.8,0,5,200,0.20032,0.00622,3,539.9461858971815,441.73035525418936,1833.6236229972833,16256.0,15814.269644745811,790.7134822372906,1369.3820416571998,0.0,0.08423856063343994,3.1000406138473378,927.6516864030104
QS20_A5_E200_C80_R1,0.2,990.0,21310.0,20320.0,0.8,1,5,200,0.20032,0.00622,3,539.9461858971815,443.98229963722224,1856.4333248302275,16705.489896812935,16261.507597175712,813.0753798587857,1359.7809205287203,36.94983446684426,0.08364794048528053,3.1459154027915814,952.7484553583424
QS20_A5_E200_C100_R0,0.2,990.0,21310.0,20320.0,1.0,0,5,200,0.20032,0.00622,3,674.9327323714771,552.1629440677367,2292.0295287466042,20320.0,19767.837055932265,988.3918527966133,1711.7275520715,0.0,0.08423856063343996,3.100040613847338,1159.5646080037632
QS20_A5_E200_C100_R1,0.2,990.0,21310.0,20320.0,1.0,1,5,200,0.20032,0.00622,3,674.9327323714771,554.9778745465277,2320.5416560377844,20881.862371016166,20326.88449646964,1016.344224823482,1699.7261506609,46.18729308355531,0.08364794048528051,3.145915402791581,1190.9355691979276
QS20_A50_E200_C80_R0,0.2,8000.0,21310.0,13310.0,0.8,0,50,200,0.02,0.00622,0,0.0,116.75943834369428,996.8992878515775,10648.0,10531.240561656306,526.5620280828153,714.8016293627885,0.0,0.06713013048110335,6.122002978968528,598.0421910190942
QS20_A50_E200_C80_R1,0.2,8000.0,21310.0,13310.0,0.8,1,50,200,0.02,0.00622,0,0.0,117.05538451267688,1001.3102156491814,10707.07109161329,10590.015707100614,529.5007853550308,710.6036998868835,7.792044410569461,0.0667358846625548,6.137229374695293,601.3403597847762
QS20_A50_E200_C100_R0,0.2,8000.0,21310.0,13310.0,1.0,0,50,200,0.02,0.00622,0,0.0,145.94929792961787,1246.1241098144721,13310.0,13164.050702070383,658.2025351035192,893.5020367034855,0.0,0.06713013048110335,6.122002978968526,747.5527387738676
QS20_A50_E200_C100_R1,0.2,8000.0,21310.0,13310.0,1.0,1,50,200,0.02,0.00622,0,0.0,146.3192306408461,1251.6377695614765,13383.838864516612,13237.519633875767,661.8759816937884,888.2546248586042,9.740055513211823,0.06673588466255478,6.137229374695292,751.67544973097
QS20_A100_E200_C80_R0,0.2,14570.0,21310.0,6740.0,0.8,0,100,200,0.01003,0.00622,0,0.0,42.60294924062129,458.2963693925983,5392.0,5349.3970507593785,267.46985253796896,344.5253353095447,0.0,0.06389564823990072,8.086889322231354,301.9223860689234
QS20_A100_E200_C80_R1,0.2,14570.0,21310.0,6740.0,0.8,1,100,200,0.01003,0.00622,0,0.0,42.71078924062129,460.18561380952457,5413.524950099801,5370.8141608591795,268.540708042959,343.12392664972674,2.7110703320291116,0.06363574307302054,8.097134310335802,303.12420774113457
QS20_A100_E200_C100_R0,0.2,14570.0,21310.0,6740.0,1.0,0,100,200,0.01003,0.00622,0,0.0,53.253686550776614,572.870461740748,6740.0,6686.746313449224,334.3373156724612,430.6566691369309,0.0,0.06389564823990072,8.086889322231354,377.4029825861543
QS20_A100_E200_C100_R1,0.2,14570.0,21310.0,6740.0,1.0,1,100,200,0.01003,0.00622,0,0.0,53.38848655077661,575.2320172619058,6766.906187624751,6713.517701073974,335.6758850536987,428.90490831215845,3.38883791503639,0.06363574307302054,8.097134310335802,378.9052596764182
QS20_A10_E50_C80_R0,0.2,1980.0,8000.0,6020.0,0.8,0,10,50,0.10014,0.02,2,392.16898508650013,204.01763578809883,830.074964061818,4816.0,4611.982364211901,230.59911821059507,482.9075044429932,0.0,0.10027149178633579,2.366989023167394,278.88986865489437
QS20_A10_E50_C80_R1,0.2,1980.0,8000.0,6020.0,0.8,1,10,50,0.10014,0.02,2,392.16898508650013,207.36955737754909,854.0601472242842,5485.046225439171,5277.676668061622,263.8838334030811,502.33474033585276,21.28013830929178,0.10430538628236145,2.52503253258057,316.2453212675955
QS20_A10_E50_C100_R0,0.2,1980.0,8000.0,6020.0,1.0,0,10,50,0.10014,0.02,2,490.2112313581252,255.02204473512353,1037.5937050772725,6020.0,5764.977955264876,288.2488977632438,603.6343805537414,0.0,0.10027149178633578,2.3669890231673936,348.61233581861785
QS20_A10_E50_C100_R1,0.2,1980.0,8000.0,6020.0,1.0,1,10,50,0.10014,0.02,2,490.2112313581252,259.21194672193633,1067.5751840303553,6856.307781798965,6597.095835077029,329.8547917538515,627.9184254198161,26.60017288661473,0.10430538628236148,2.5250325325805707,395.3066515844945
QS20_A10_E100_C80_R0,0.2,1980.0,14570.0,12590.0,0.8,0,10,100,0.10014,0.01003,2,392.16898508650013,279.5062742140496,1315.628895287842,10072.0,9792.493725785951,489.6246862892976,854.5899561148302,0.0,0.08484808936803319,3.057498292365251,575.0836819007807
QS20_A10_E100_C80_R1,0.2,1980.0,14570.0,12590.0,0.8,1,10,100,0.10014,0.01003,2,392.16898508650013,281.7671687032331,1336.9183579975747,10523.27634514641,10241.509176443178,512.0754588221589,858.2307554122194,23.816608504882716,0.08520956666126087,3.1304121341621065,600.2801952138691
QS20_A10_E100_C100_R0,0.2,1980.0,14570.0,12590.0,1.0,0,10,100,0.10014,0.01003,2,490.2112313581252,349.38284276756195,1644.5361191098023,12590.0,12240.617157232438,612.0308578616219,1068.2374451435378,0.0,0.08484808936803319,3.0574982923652514,718.8546023759759
QS20_A10_E100_C100_R1,0.2,1980.0,14570.0,12590.0,1.0,1,10,100,0.10014,0.01003,2,490.2112313581252,352.20896087904134,1671.147947496968,13154.095431433014,12801.886470553973,640.0943235276986,1072.7884442652742,29.770760631103393,0.08520956666126085,3.1304121341621065,750.3502440173363
QS20_A10_E200_C80_R0,0.2,1980.0,21310.0,19330.0,0.8,0,10,200,0.10014,0.00622,2,392.16898508650013,323.02809896604145,1672.780058994271,15464.0,15140.971901033958,757.0485950516979,1200.085215575266,0.0,0.07760509671335139,3.7151109126931576,877.0571166092245
QS20_A10_E200_C80_R1,0.2,1980.0,21310.0,19330.0,0.8,1,10,200,0.10014,0.00622,2,392.16898508650013,324.5007503953795,1688.9084661586305,15757.942401065475,15433.441650670095,771.6720825335047,1193.048184324225,24.92163004120162,0.07715003778609836,3.753365170593359,893.469063970047
QS20_A10_E200_C100_R0,0.2,1980.0,21310.0,19330.0,1.0,0,10,200,0.10014,0.00622,2,490.2112313581252,403.7851237075518,2090.975073742839,19330.0,18926.214876292448,946.3107438146225,1500.1065194690825,0.0,0.0776050967133514,3.715110912693158,1096.3213957615308
QS20_A10_E200_C100_R1,0.2,1980.0,21310.0,19330.0,1.0,1,10,200,0.10014,0.00622,2,490.2112313581252,405.62593799422433,2111.135582698288,19697.428001331846,19291.80206333762,964.5901031668811,1491.3102304052818,31.152037551502033,0.07715003778609839,3.753365170593361,1116.8363299625594
QS20_A20_E50_C80_R0,0.2,3670.0,8000.0,4330.0,0.8,0,20,50,0.04999,0.02,2,211.90231841983348,107.83746023024179,553.5012322986181,3464.0,3356.162539769758,167.8081269884879,306.27287468747744,0.0,0.08841595689592305,2.8401343469473392,198.43541445723565
QS20_A20_E50_C80_R1,0.2,3670.0,8000.0,4330.0,0.8,1,20,50,0.04999,0.02,2,211.90231841983348,109.18688411757326,564.7113812087287,3733.346085295699,3624.159201178126,181.2079600589063,312.9194711646888,9.741466809177373,0.09033472031313186,2.955125430875218,213.47405385629293
QS20_A20_E50_C100_R0,0.2,3670.0,8000.0,4330.0,1.0,0,20,50,0.04999,0.02,2,264.8778980247918,134.79682528780225,691.8765403732726,4330.0,4195.203174712197,209.76015873560988,382.8410933593468,0.0,0.08841595689592305,2.8401343469473392,248.04426807154456
QS20_A20_E50_C100_R1,0.2,3670.0,8000.0,4330.0,1.0,1,20,50,0.04999,0.02,2,264.8778980247918,136.48360514696657,705.8892265109108,4666.6826066196245,4530.199001472658,226.50995007363292,391.1493389558611,12.17683351147172,0.09033472031313189,2.955125430875219,266.84256732036624
QS20_A20_E100_C80_R0,0.2,3670.0,14570.0,10900.0,0.8,0,20,100,0.04999,0.01003,2,211.90231841983348,182.27908978473647,1071.0673937178606,8720.0,8537.720910215263,426.88604551076315,676.8501503283328,0.0,0.0776204300835244,3.7132627287510753,494.57106054359633
QS20_A20_E100_C80_R1,0.2,3670.0,14570.0,10900.0,0.8,1,20,100,0.04999,0.01003,2,211.90231841983348,183.57221087067023,1084.7076986149461,8978.108001184377,8794.535790313706,439.72678951568537,678.3740094408726,14.180435432856017,0.0777951845689074,3.772654050354305,508.98223400305835
QS20_A20_E100_C100_R0,0.2,3670.0,14570.0,10900.0,1.0,0,20,100,0.04999,0.01003,2,264.8778980247918,227.84886223092064,1338.8342421473258,10900.0,10672.151137769079,533.6075568884539,846.0626879104161,0.0,0.07762043008352441,3.713262728751075,618.2138256794955
QS20_A20_E100_C100_R1,0.2,3670.0,14570.0,10900.0,1.0,1,20,100,0.04999,0.01003,2,264.8778980247918,229.46526358833776,1355.8846232686826,11222.63500148047,10993.169737892133,549.6584868946067,847.9675118010905,17.72554429107002,0.07779518456890738,3.7726540503543045,636.2277925038228
QS20_A20_E200_C80_R0,0.2,3670.0,21310.0,17640.0,0.8,0,20,200,0.04999,0.00622,2,211.90231841983348,225.44185577611984,1448.2552518113496,14112.0,13886.55814422388,694.3279072111941,1021.9664033192377,0.0,0.07241825420346072,4.533170647486705,796.5245475431178
QS20_A20_E200_C80_R1,0.2,3670.0,21310.0,17640.0,0.8,1,20,200,0.04999,0.00622,2,211.90231841983348,226.29042358203023,1458.523128278192,14281.37481155896,14055.08438797693,702.7542193988465,1016.0403891068877,16.231436427419762,0.07199832689249487,4.561712374717922,805.9814019522772
QS20_A20_E200_C100_R0,0.2,3670.0,21310.0,17640.0,1.0,0,20,200,0.04999,0.00622,2,264.8778980247918,281.8023197201498,1810.3190647641866,17640.0,17358.19768027985,867.9098840139925,1277.458004149047,0.0,0.07241825420346071,4.533170647486705,995.6556844288971
QS20_A20_E200_C100_R1,0.2,3670.0,21310.0,17640.0,1.0,1,20,200,0.04999,0.00622,2,264.8778980247918,282.8630294775378,1823.1539103477403,17851.7185144487,17568.85548497116,878.4427742485582,1270.0504863836097,20.289295534274704,0.07199832689249488,4.561712374717922,1007.4767524403467
