programme_id,q,n_layers,layer1_id,layer1_attach,layer1_exhaust,layer1_limit,layer1_attach_rp,layer1_exhaust_rp,layer1_c,layer1_n_reinst,layer2_id,layer2_attach,layer2_exhaust,layer2_limit,layer2_attach_rp,layer2_exhaust_rp,layer2_c,layer2_n_reinst
QS0_XS0,0.0,0,,,,,,,,,,,,,,,,
QS10_XS0,0.1,0,,,,,,,,,,,,,,,,
QS20_XS0,0.2,0,,,,,,,,,,,,,,,,
QS0_A5_E50_T0_C80_R0,0.0,1,QS0_A5_E50_C80_R0,1240.0,10000.0,8760.0,5.0,50.0,0.8,0.0,,,,,,,,
QS0_A5_E50_T0_C80_R1,0.0,1,QS0_A5_E50_C80_R1,1240.0,10000.0,8760.0,5.0,50.0,0.8,1.0,,,,,,,,
QS0_A5_E50_T0_C100_R0,0.0,1,QS0_A5_E50_C100_R0,1240.0,10000.0,8760.0,5.0,50.0,1.0,0.0,,,,,,,,
QS0_A5_E50_T0_C100_R1,0.0,1,QS0_A5_E50_C100_R1,1240.0,10000.0,8760.0,5.0,50.0,1.0,1.0,,,,,,,,
QS0_A5_E100_T0_C80_R0,0.0,1,QS0_A5_E100_C80_R0,1240.0,18220.0,16980.0,5.0,100.0,0.8,0.0,,,,,,,,
QS0_A5_E100_T0_C80_R1,0.0,1,QS0_A5_E100_C80_R1,1240.0,18220.0,16980.0,5.0,100.0,0.8,1.0,,,,,,,,
QS0_A5_E100_T0_C100_R0,0.0,1,QS0_A5_E100_C100_R0,1240.0,18220.0,16980.0,5.0,100.0,1.0,0.0,,,,,,,,
QS0_A5_E100_T0_C100_R1,0.0,1,QS0_A5_E100_C100_R1,1240.0,18220.0,16980.0,5.0,100.0,1.0,1.0,,,,,,,,
QS0_A5_E100_T50_C80_R0,0.0,2,QS0_A5_E50_C80_R0,1240.0,10000.0,8760.0,5.0,50.0,0.8,0.0,QS0_A50_E100_C80_R0,10000.0,18220.0,8220.0,50.0,100.0,0.8,0.0
QS0_A5_E100_T50_C80_R1,0.0,2,QS0_A5_E50_C80_R1,1240.0,10000.0,8760.0,5.0,50.0,0.8,1.0,QS0_A50_E100_C80_R1,10000.0,18220.0,8220.0,50.0,100.0,0.8,1.0
QS0_A5_E100_T50_C100_R0,0.0,2,QS0_A5_E50_C100_R0,1240.0,10000.0,8760.0,5.0,50.0,1.0,0.0,QS0_A50_E100_C100_R0,10000.0,18220.0,8220.0,50.0,100.0,1.0,0.0
QS0_A5_E100_T50_C100_R1,0.0,2,QS0_A5_E50_C100_R1,1240.0,10000.0,8760.0,5.0,50.0,1.0,1.0,QS0_A50_E100_C100_R1,10000.0,18220.0,8220.0,50.0,100.0,1.0,1.0
QS0_A5_E200_T0_C80_R0,0.0,1,QS0_A5_E200_C80_R0,1240.0,26640.0,25400.0,5.0,200.0,0.8,0.0,,,,,,,,
QS0_A5_E200_T0_C80_R1,0.0,1,QS0_A5_E200_C80_R1,1240.0,26640.0,25400.0,5.0,200.0,0.8,1.0,,,,,,,,
QS0_A5_E200_T0_C100_R0,0.0,1,QS0_A5_E200_C100_R0,1240.0,26640.0,25400.0,5.0,200.0,1.0,0.0,,,,,,,,
QS0_A5_E200_T0_C100_R1,0.0,1,QS0_A5_E200_C100_R1,1240.0,26640.0,25400.0,5.0,200.0,1.0,1.0,,,,,,,,
QS0_A5_E200_T50_C80_R0,0.0,2,QS0_A5_E50_C80_R0,1240.0,10000.0,8760.0,5.0,50.0,0.8,0.0,QS0_A50_E200_C80_R0,10000.0,26640.0,16640.0,50.0,200.0,0.8,0.0
QS0_A5_E200_T50_C80_R1,0.0,2,QS0_A5_E50_C80_R1,1240.0,10000.0,8760.0,5.0,50.0,0.8,1.0,QS0_A50_E200_C80_R1,10000.0,26640.0,16640.0,50.0,200.0,0.8,1.0
QS0_A5_E200_T50_C100_R0,0.0,2,QS0_A5_E50_C100_R0,1240.0,10000.0,8760.0,5.0,50.0,1.0,0.0,QS0_A50_E200_C100_R0,10000.0,26640.0,16640.0,50.0,200.0,1.0,0.0
QS0_A5_E200_T50_C100_R1,0.0,2,QS0_A5_E50_C100_R1,1240.0,10000.0,8760.0,5.0,50.0,1.0,1.0,QS0_A50_E200_C100_R1,10000.0,26640.0,16640.0,50.0,200.0,1.0,1.0
QS0_A5_E200_T100_C80_R0,0.0,2,QS0_A5_E100_C80_R0,1240.0,18220.0,16980.0,5.0,100.0,0.8,0.0,QS0_A100_E200_C80_R0,18220.0,26640.0,8420.0,100.0,200.0,0.8,0.0
QS0_A5_E200_T100_C80_R1,0.0,2,QS0_A5_E100_C80_R1,1240.0,18220.0,16980.0,5.0,100.0,0.8,1.0,QS0_A100_E200_C80_R1,18220.0,26640.0,8420.0,100.0,200.0,0.8,1.0
QS0_A5_E200_T100_C100_R0,0.0,2,QS0_A5_E100_C100_R0,1240.0,18220.0,16980.0,5.0,100.0,1.0,0.0,QS0_A100_E200_C100_R0,18220.0,26640.0,8420.0,100.0,200.0,1.0,0.0
QS0_A5_E200_T100_C100_R1,0.0,2,QS0_A5_E100_C100_R1,1240.0,18220.0,16980.0,5.0,100.0,1.0,1.0,QS0_A100_E200_C100_R1,18220.0,26640.0,8420.0,100.0,200.0,1.0,1.0
QS0_A10_E50_T0_C80_R0,0.0,1,QS0_A10_E50_C80_R0,2480.0,10000.0,7520.0,10.0,50.0,0.8,0.0,,,,,,,,
QS0_A10_E50_T0_C80_R1,0.0,1,QS0_A10_E50_C80_R1,2480.0,10000.0,7520.0,10.0,50.0,0.8,1.0,,,,,,,,
QS0_A10_E50_T0_C100_R0,0.0,1,QS0_A10_E50_C100_R0,2480.0,10000.0,7520.0,10.0,50.0,1.0,0.0,,,,,,,,
QS0_A10_E50_T0_C100_R1,0.0,1,QS0_A10_E50_C100_R1,2480.0,10000.0,7520.0,10.0,50.0,1.0,1.0,,,,,,,,
QS0_A10_E100_T0_C80_R0,0.0,1,QS0_A10_E100_C80_R0,2480.0,18220.0,15740.0,10.0,100.0,0.8,0.0,,,,,,,,
QS0_A10_E100_T0_C80_R1,0.0,1,QS0_A10_E100_C80_R1,2480.0,18220.0,15740.0,10.0,100.0,0.8,1.0,,,,,,,,
QS0_A10_E100_T0_C100_R0,0.0,1,QS0_A10_E100_C100_R0,2480.0,18220.0,15740.0,10.0,100.0,1.0,0.0,,,,,,,,
QS0_A10_E100_T0_C100_R1,0.0,1,QS0_A10_E100_C100_R1,2480.0,18220.0,15740.0,10.0,100.0,1.0,1.0,,,,,,,,
QS0_A10_E100_T50_C80_R0,0.0,2,QS0_A10_E50_C80_R0,2480.0,10000.0,7520.0,10.0,50.0,0.8,0.0,QS0_A50_E100_C80_R0,10000.0,18220.0,8220.0,50.0,100.0,0.8,0.0
QS0_A10_E100_T50_C80_R1,0.0,2,QS0_A10_E50_C80_R1,2480.0,10000.0,7520.0,10.0,50.0,0.8,1.0,QS0_A50_E100_C80_R1,10000.0,18220.0,8220.0,50.0,100.0,0.8,1.0
QS0_A10_E100_T50_C100_R0,0.0,2,QS0_A10_E50_C100_R0,2480.0,10000.0,7520.0,10.0,50.0,1.0,0.0,QS0_A50_E100_C100_R0,10000.0,18220.0,8220.0,50.0,100.0,1.0,0.0
QS0_A10_E100_T50_C100_R1,0.0,2,QS0_A10_E50_C100_R1,2480.0,10000.0,7520.0,10.0,50.0,1.0,1.0,QS0_A50_E100_C100_R1,10000.0,18220.0,8220.0,50.0,100.0,1.0,1.0
QS0_A10_E200_T0_C80_R0,0.0,1,QS0_A10_E200_C80_R0,2480.0,26640.0,24160.0,10.0,200.0,0.8,0.0,,,,,,,,
QS0_A10_E200_T0_C80_R1,0.0,1,QS0_A10_E200_C80_R1,2480.0,26640.0,24160.0,10.0,200.0,0.8,1.0,,,,,,,,
QS0_A10_E200_T0_C100_R0,0.0,1,QS0_A10_E200_C100_R0,2480.0,26640.0,24160.0,10.0,200.0,1.0,0.0,,,,,,,,
QS0_A10_E200_T0_C100_R1,0.0,1,QS0_A10_E200_C100_R1,2480.0,26640.0,24160.0,10.0,200.0,1.0,1.0,,,,,,,,
QS0_A10_E200_T50_C80_R0,0.0,2,QS0_A10_E50_C80_R0,2480.0,10000.0,7520.0,10.0,50.0,0.8,0.0,QS0_A50_E200_C80_R0,10000.0,26640.0,16640.0,50.0,200.0,0.8,0.0
QS0_A10_E200_T50_C80_R1,0.0,2,QS0_A10_E50_C80_R1,2480.0,10000.0,7520.0,10.0,50.0,0.8,1.0,QS0_A50_E200_C80_R1,10000.0,26640.0,16640.0,50.0,200.0,0.8,1.0
QS0_A10_E200_T50_C100_R0,0.0,2,QS0_A10_E50_C100_R0,2480.0,10000.0,7520.0,10.0,50.0,1.0,0.0,QS0_A50_E200_C100_R0,10000.0,26640.0,16640.0,50.0,200.0,1.0,0.0
QS0_A10_E200_T50_C100_R1,0.0,2,QS0_A10_E50_C100_R1,2480.0,10000.0,7520.0,10.0,50.0,1.0,1.0,QS0_A50_E200_C100_R1,10000.0,26640.0,16640.0,50.0,200.0,1.0,1.0
QS0_A10_E200_T100_C80_R0,0.0,2,QS0_A10_E100_C80_R0,2480.0,18220.0,15740.0,10.0,100.0,0.8,0.0,QS0_A100_E200_C80_R0,18220.0,26640.0,8420.0,100.0,200.0,0.8,0.0
QS0_A10_E200_T100_C80_R1,0.0,2,QS0_A10_E100_C80_R1,2480.0,18220.0,15740.0,10.0,100.0,0.8,1.0,QS0_A100_E200_C80_R1,18220.0,26640.0,8420.0,100.0,200.0,0.8,1.0
QS0_A10_E200_T100_C100_R0,0.0,2,QS0_A10_E100_C100_R0,2480.0,18220.0,15740.0,10.0,100.0,1.0,0.0,QS0_A100_E200_C100_R0,18220.0,26640.0,8420.0,100.0,200.0,1.0,0.0
QS0_A10_E200_T100_C100_R1,0.0,2,QS0_A10_E100_C100_R1,2480.0,18220.0,15740.0,10.0,100.0,1.0,1.0,QS0_A100_E200_C100_R1,18220.0,26640.0,8420.0,100.0,200.0,1.0,1.0
QS0_A20_E50_T0_C80_R0,0.0,1,QS0_A20_E50_C80_R0,4590.0,10000.0,5410.0,20.0,50.0,0.8,0.0,,,,,,,,
QS0_A20_E50_T0_C80_R1,0.0,1,QS0_A20_E50_C80_R1,4590.0,10000.0,5410.0,20.0,50.0,0.8,1.0,,,,,,,,
QS0_A20_E50_T0_C100_R0,0.0,1,QS0_A20_E50_C100_R0,4590.0,10000.0,5410.0,20.0,50.0,1.0,0.0,,,,,,,,
QS0_A20_E50_T0_C100_R1,0.0,1,QS0_A20_E50_C100_R1,4590.0,10000.0,5410.0,20.0,50.0,1.0,1.0,,,,,,,,
QS0_A20_E100_T0_C80_R0,0.0,1,QS0_A20_E100_C80_R0,4590.0,18220.0,13630.0,20.0,100.0,0.8,0.0,,,,,,,,
QS0_A20_E100_T0_C80_R1,0.0,1,QS0_A20_E100_C80_R1,4590.0,18220.0,13630.0,20.0,100.0,0.8,1.0,,,,,,,,
QS0_A20_E100_T0_C100_R0,0.0,1,QS0_A20_E100_C100_R0,4590.0,18220.0,13630.0,20.0,100.0,1.0,0.0,,,,,,,,
QS0_A20_E100_T0_C100_R1,0.0,1,QS0_A20_E100_C100_R1,4590.0,18220.0,13630.0,20.0,100.0,1.0,1.0,,,,,,,,
QS0_A20_E100_T50_C80_R0,0.0,2,QS0_A20_E50_C80_R0,4590.0,10000.0,5410.0,20.0,50.0,0.8,0.0,QS0_A50_E100_C80_R0,10000.0,18220.0,8220.0,50.0,100.0,0.8,0.0
QS0_A20_E100_T50_C80_R1,0.0,2,QS0_A20_E50_C80_R1,4590.0,10000.0,5410.0,20.0,50.0,0.8,1.0,QS0_A50_E100_C80_R1,10000.0,18220.0,8220.0,50.0,100.0,0.8,1.0
QS0_A20_E100_T50_C100_R0,0.0,2,QS0_A20_E50_C100_R0,4590.0,10000.0,5410.0,20.0,50.0,1.0,0.0,QS0_A50_E100_C100_R0,10000.0,18220.0,8220.0,50.0,100.0,1.0,0.0
QS0_A20_E100_T50_C100_R1,0.0,2,QS0_A20_E50_C100_R1,4590.0,10000.0,5410.0,20.0,50.0,1.0,1.0,QS0_A50_E100_C100_R1,10000.0,18220.0,8220.0,50.0,100.0,1.0,1.0
QS0_A20_E200_T0_C80_R0,0.0,1,QS0_A20_E200_C80_R0,4590.0,26640.0,22050.0,20.0,200.0,0.8,0.0,,,,,,,,
QS0_A20_E200_T0_C80_R1,0.0,1,QS0_A20_E200_C80_R1,4590.0,26640.0,22050.0,20.0,200.0,0.8,1.0,,,,,,,,
QS0_A20_E200_T0_C100_R0,0.0,1,QS0_A20_E200_C100_R0,4590.0,26640.0,22050.0,20.0,200.0,1.0,0.0,,,,,,,,
QS0_A20_E200_T0_C100_R1,0.0,1,QS0_A20_E200_C100_R1,4590.0,26640.0,22050.0,20.0,200.0,1.0,1.0,,,,,,,,
QS0_A20_E200_T50_C80_R0,0.0,2,QS0_A20_E50_C80_R0,4590.0,10000.0,5410.0,20.0,50.0,0.8,0.0,QS0_A50_E200_C80_R0,10000.0,26640.0,16640.0,50.0,200.0,0.8,0.0
QS0_A20_E200_T50_C80_R1,0.0,2,QS0_A20_E50_C80_R1,4590.0,10000.0,5410.0,20.0,50.0,0.8,1.0,QS0_A50_E200_C80_R1,10000.0,26640.0,16640.0,50.0,200.0,0.8,1.0
QS0_A20_E200_T50_C100_R0,0.0,2,QS0_A20_E50_C100_R0,4590.0,10000.0,5410.0,20.0,50.0,1.0,0.0,QS0_A50_E200_C100_R0,10000.0,26640.0,16640.0,50.0,200.0,1.0,0.0
QS0_A20_E200_T50_C100_R1,0.0,2,QS0_A20_E50_C100_R1,4590.0,10000.0,5410.0,20.0,50.0,1.0,1.0,QS0_A50_E200_C100_R1,10000.0,26640.0,16640.0,50.0,200.0,1.0,1.0
QS0_A20_E200_T100_C80_R0,0.0,2,QS0_A20_E100_C80_R0,4590.0,18220.0,13630.0,20.0,100.0,0.8,0.0,QS0_A100_E200_C80_R0,18220.0,26640.0,8420.0,100.0,200.0,0.8,0.0
QS0_A20_E200_T100_C80_R1,0.0,2,QS0_A20_E100_C80_R1,4590.0,18220.0,13630.0,20.0,100.0,0.8,1.0,QS0_A100_E200_C80_R1,18220.0,26640.0,8420.0,100.0,200.0,0.8,1.0
QS0_A20_E200_T100_C100_R0,0.0,2,QS0_A20_E100_C100_R0,4590.0,18220.0,13630.0,20.0,100.0,1.0,0.0,QS0_A100_E200_C100_R0,18220.0,26640.0,8420.0,100.0,200.0,1.0,0.0
QS0_A20_E200_T100_C100_R1,0.0,2,QS0_A20_E100_C100_R1,4590.0,18220.0,13630.0,20.0,100.0,1.0,1.0,QS0_A100_E200_C100_R1,18220.0,26640.0,8420.0,100.0,200.0,1.0,1.0
QS0_A50_E100_T0_C80_R0,0.0,1,QS0_A50_E100_C80_R0,10000.0,18220.0,8220.0,50.0,100.0,0.8,0.0,,,,,,,,
QS0_A50_E100_T0_C80_R1,0.0,1,QS0_A50_E100_C80_R1,10000.0,18220.0,8220.0,50.0,100.0,0.8,1.0,,,,,,,,
QS0_A50_E100_T0_C100_R0,0.0,1,QS0_A50_E100_C100_R0,10000.0,18220.0,8220.0,50.0,100.0,1.0,0.0,,,,,,,,
QS0_A50_E100_T0_C100_R1,0.0,1,QS0_A50_E100_C100_R1,10000.0,18220.0,8220.0,50.0,100.0,1.0,1.0,,,,,,,,
QS0_A50_E200_T0_C80_R0,0.0,1,QS0_A50_E200_C80_R0,10000.0,26640.0,16640.0,50.0,200.0,0.8,0.0,,,,,,,,
QS0_A50_E200_T0_C80_R1,0.0,1,QS0_A50_E200_C80_R1,10000.0,26640.0,16640.0,50.0,200.0,0.8,1.0,,,,,,,,
QS0_A50_E200_T0_C100_R0,0.0,1,QS0_A50_E200_C100_R0,10000.0,26640.0,16640.0,50.0,200.0,1.0,0.0,,,,,,,,
QS0_A50_E200_T0_C100_R1,0.0,1,QS0_A50_E200_C100_R1,10000.0,26640.0,16640.0,50.0,200.0,1.0,1.0,,,,,,,,
QS0_A50_E200_T100_C80_R0,0.0,2,QS0_A50_E100_C80_R0,10000.0,18220.0,8220.0,50.0,100.0,0.8,0.0,QS0_A100_E200_C80_R0,18220.0,26640.0,8420.0,100.0,200.0,0.8,0.0
QS0_A50_E200_T100_C80_R1,0.0,2,QS0_A50_E100_C80_R1,10000.0,18220.0,8220.0,50.0,100.0,0.8,1.0,QS0_A100_E200_C80_R1,18220.0,26640.0,8420.0,100.0,200.0,0.8,1.0
QS0_A50_E200_T100_C100_R0,0.0,2,QS0_A50_E100_C100_R0,10000.0,18220.0,8220.0,50.0,100.0,1.0,0.0,QS0_A100_E200_C100_R0,18220.0,26640.0,8420.0,100.0,200.0,1.0,0.0
QS0_A50_E200_T100_C100_R1,0.0,2,QS0_A50_E100_C100_R1,10000.0,18220.0,8220.0,50.0,100.0,1.0,1.0,QS0_A100_E200_C100_R1,18220.0,26640.0,8420.0,100.0,200.0,1.0,1.0
QS10_A5_E50_T0_C80_R0,0.1,1,QS10_A5_E50_C80_R0,1120.0,9000.0,7880.0,5.0,50.0,0.8,0.0,,,,,,,,
QS10_A5_E50_T0_C80_R1,0.1,1,QS10_A5_E50_C80_R1,1120.0,9000.0,7880.0,5.0,50.0,0.8,1.0,,,,,,,,
QS10_A5_E50_T0_C100_R0,0.1,1,QS10_A5_E50_C100_R0,1120.0,9000.0,7880.0,5.0,50.0,1.0,0.0,,,,,,,,
QS10_A5_E50_T0_C100_R1,0.1,1,QS10_A5_E50_C100_R1,1120.0,9000.0,7880.0,5.0,50.0,1.0,1.0,,,,,,,,
QS10_A5_E100_T0_C80_R0,0.1,1,QS10_A5_E100_C80_R0,1120.0,16400.0,15280.0,5.0,100.0,0.8,0.0,,,,,,,,
QS10_A5_E100_T0_C80_R1,0.1,1,QS10_A5_E100_C80_R1,1120.0,16400.0,15280.0,5.0,100.0,0.8,1.0,,,,,,,,
QS10_A5_E100_T0_C100_R0,0.1,1,QS10_A5_E100_C100_R0,1120.0,16400.0,15280.0,5.0,100.0,1.0,0.0,,,,,,,,
QS10_A5_E100_T0_C100_R1,0.1,1,QS10_A5_E100_C100_R1,1120.0,16400.0,15280.0,5.0,100.0,1.0,1.0,,,,,,,,
QS10_A5_E100_T50_C80_R0,0.1,2,QS10_A5_E50_C80_R0,1120.0,9000.0,7880.0,5.0,50.0,0.8,0.0,QS10_A50_E100_C80_R0,9000.0,16400.0,7400.0,50.0,100.0,0.8,0.0
QS10_A5_E100_T50_C80_R1,0.1,2,QS10_A5_E50_C80_R1,1120.0,9000.0,7880.0,5.0,50.0,0.8,1.0,QS10_A50_E100_C80_R1,9000.0,16400.0,7400.0,50.0,100.0,0.8,1.0
QS10_A5_E100_T50_C100_R0,0.1,2,QS10_A5_E50_C100_R0,1120.0,9000.0,7880.0,5.0,50.0,1.0,0.0,QS10_A50_E100_C100_R0,9000.0,16400.0,7400.0,50.0,100.0,1.0,0.0
QS10_A5_E100_T50_C100_R1,0.1,2,QS10_A5_E50_C100_R1,1120.0,9000.0,7880.0,5.0,50.0,1.0,1.0,QS10_A50_E100_C100_R1,9000.0,16400.0,7400.0,50.0,100.0,1.0,1.0
QS10_A5_E200_T0_C80_R0,0.1,1,QS10_A5_E200_C80_R0,1120.0,23970.0,22850.0,5.0,200.0,0.8,0.0,,,,,,,,
QS10_A5_E200_T0_C80_R1,0.1,1,QS10_A5_E200_C80_R1,1120.0,23970.0,22850.0,5.0,200.0,0.8,1.0,,,,,,,,
QS10_A5_E200_T0_C100_R0,0.1,1,QS10_A5_E200_C100_R0,1120.0,23970.0,22850.0,5.0,200.0,1.0,0.0,,,,,,,,
QS10_A5_E200_T0_C100_R1,0.1,1,QS10_A5_E200_C100_R1,1120.0,23970.0,22850.0,5.0,200.0,1.0,1.0,,,,,,,,
QS10_A5_E200_T50_C80_R0,0.1,2,QS10_A5_E50_C80_R0,1120.0,9000.0,7880.0,5.0,50.0,0.8,0.0,QS10_A50_E200_C80_R0,9000.0,23970.0,14970.0,50.0,200.0,0.8,0.0
QS10_A5_E200_T50_C80_R1,0.1,2,QS10_A5_E50_C80_R1,1120.0,9000.0,7880.0,5.0,50.0,0.8,1.0,QS10_A50_E200_C80_R1,9000.0,23970.0,14970.0,50.0,200.0,0.8,1.0
QS10_A5_E200_T50_C100_R0,0.1,2,QS10_A5_E50_C100_R0,1120.0,9000.0,7880.0,5.0,50.0,1.0,0.0,QS10_A50_E200_C100_R0,9000.0,23970.0,14970.0,50.0,200.0,1.0,0.0
QS10_A5_E200_T50_C100_R1,0.1,2,QS10_A5_E50_C100_R1,1120.0,9000.0,7880.0,5.0,50.0,1.0,1.0,QS10_A50_E200_C100_R1,9000.0,23970.0,14970.0,50.0,200.0,1.0,1.0
QS10_A5_E200_T100_C80_R0,0.1,2,QS10_A5_E100_C80_R0,1120.0,16400.0,15280.0,5.0,100.0,0.8,0.0,QS10_A100_E200_C80_R0,16400.0,23970.0,7570.0,100.0,200.0,0.8,0.0
QS10_A5_E200_T100_C80_R1,0.1,2,QS10_A5_E100_C80_R1,1120.0,16400.0,15280.0,5.0,100.0,0.8,1.0,QS10_A100_E200_C80_R1,16400.0,23970.0,7570.0,100.0,200.0,0.8,1.0
QS10_A5_E200_T100_C100_R0,0.1,2,QS10_A5_E100_C100_R0,1120.0,16400.0,15280.0,5.0,100.0,1.0,0.0,QS10_A100_E200_C100_R0,16400.0,23970.0,7570.0,100.0,200.0,1.0,0.0
QS10_A5_E200_T100_C100_R1,0.1,2,QS10_A5_E100_C100_R1,1120.0,16400.0,15280.0,5.0,100.0,1.0,1.0,QS10_A100_E200_C100_R1,16400.0,23970.0,7570.0,100.0,200.0,1.0,1.0
QS10_A10_E50_T0_C80_R0,0.1,1,QS10_A10_E50_C80_R0,2230.0,9000.0,6770.0,10.0,50.0,0.8,0.0,,,,,,,,
QS10_A10_E50_T0_C80_R1,0.1,1,QS10_A10_E50_C80_R1,2230.0,9000.0,6770.0,10.0,50.0,0.8,1.0,,,,,,,,
QS10_A10_E50_T0_C100_R0,0.1,1,QS10_A10_E50_C100_R0,2230.0,9000.0,6770.0,10.0,50.0,1.0,0.0,,,,,,,,
QS10_A10_E50_T0_C100_R1,0.1,1,QS10_A10_E50_C100_R1,2230.0,9000.0,6770.0,10.0,50.0,1.0,1.0,,,,,,,,
QS10_A10_E100_T0_C80_R0,0.1,1,QS10_A10_E100_C80_R0,2230.0,16400.0,14170.0,10.0,100.0,0.8,0.0,,,,,,,,
QS10_A10_E100_T0_C80_R1,0.1,1,QS10_A10_E100_C80_R1,2230.0,16400.0,14170.0,10.0,100.0,0.8,1.0,,,,,,,,
QS10_A10_E100_T0_C100_R0,0.1,1,QS10_A10_E100_C100_R0,2230.0,16400.0,14170.0,10.0,100.0,1.0,0.0,,,,,,,,
QS10_A10_E100_T0_C100_R1,0.1,1,QS10_A10_E100_C100_R1,2230.0,16400.0,14170.0,10.0,100.0,1.0,1.0,,,,,,,,
QS10_A10_E100_T50_C80_R0,0.1,2,QS10_A10_E50_C80_R0,2230.0,9000.0,6770.0,10.0,50.0,0.8,0.0,QS10_A50_E100_C80_R0,9000.0,16400.0,7400.0,50.0,100.0,0.8,0.0
QS10_A10_E100_T50_C80_R1,0.1,2,QS10_A10_E50_C80_R1,2230.0,9000.0,6770.0,10.0,50.0,0.8,1.0,QS10_A50_E100_C80_R1,9000.0,16400.0,7400.0,50.0,100.0,0.8,1.0
QS10_A10_E100_T50_C100_R0,0.1,2,QS10_A10_E50_C100_R0,2230.0,9000.0,6770.0,10.0,50.0,1.0,0.0,QS10_A50_E100_C100_R0,9000.0,16400.0,7400.0,50.0,100.0,1.0,0.0
QS10_A10_E100_T50_C100_R1,0.1,2,QS10_A10_E50_C100_R1,2230.0,9000.0,6770.0,10.0,50.0,1.0,1.0,QS10_A50_E100_C100_R1,9000.0,16400.0,7400.0,50.0,100.0,1.0,1.0
QS10_A10_E200_T0_C80_R0,0.1,1,QS10_A10_E200_C80_R0,2230.0,23970.0,21740.0,10.0,200.0,0.8,0.0,,,,,,,,
QS10_A10_E200_T0_C80_R1,0.1,1,QS10_A10_E200_C80_R1,2230.0,23970.0,21740.0,10.0,200.0,0.8,1.0,,,,,,,,
QS10_A10_E200_T0_C100_R0,0.1,1,QS10_A10_E200_C100_R0,2230.0,23970.0,21740.0,10.0,200.0,1.0,0.0,,,,,,,,
QS10_A10_E200_T0_C100_R1,0.1,1,QS10_A10_E200_C100_R1,2230.0,23970.0,21740.0,10.0,200.0,1.0,1.0,,,,,,,,
QS10_A10_E200_T50_C80_R0,0.1,2,QS10_A10_E50_C80_R0,2230.0,9000.0,6770.0,10.0,50.0,0.8,0.0,QS10_A50_E200_C80_R0,9000.0,23970.0,14970.0,50.0,200.0,0.8,0.0
QS10_A10_E200_T50_C80_R1,0.1,2,QS10_A10_E50_C80_R1,2230.0,9000.0,6770.0,10.0,50.0,0.8,1.0,QS10_A50_E200_C80_R1,9000.0,23970.0,14970.0,50.0,200.0,0.8,1.0
QS10_A10_E200_T50_C100_R0,0.1,2,QS10_A10_E50_C100_R0,2230.0,9000.0,6770.0,10.0,50.0,1.0,0.0,QS10_A50_E200_C100_R0,9000.0,23970.0,14970.0,50.0,200.0,1.0,0.0
QS10_A10_E200_T50_C100_R1,0.1,2,QS10_A10_E50_C100_R1,2230.0,9000.0,6770.0,10.0,50.0,1.0,1.0,QS10_A50_E200_C100_R1,9000.0,23970.0,14970.0,50.0,200.0,1.0,1.0
QS10_A10_E200_T100_C80_R0,0.1,2,QS10_A10_E100_C80_R0,2230.0,16400.0,14170.0,10.0,100.0,0.8,0.0,QS10_A100_E200_C80_R0,16400.0,23970.0,7570.0,100.0,200.0,0.8,0.0
QS10_A10_E200_T100_C80_R1,0.1,2,QS10_A10_E100_C80_R1,2230.0,16400.0,14170.0,10.0,100.0,0.8,1.0,QS10_A100_E200_C80_R1,16400.0,23970.0,7570.0,100.0,200.0,0.8,1.0
QS10_A10_E200_T100_C100_R0,0.1,2,QS10_A10_E100_C100_R0,2230.0,16400.0,14170.0,10.0,100.0,1.0,0.0,QS10_A100_E200_C100_R0,16400.0,23970.0,7570.0,100.0,200.0,1.0,0.0
QS10_A10_E200_T100_C100_R1,0.1,2,QS10_A10_E100_C100_R1,2230.0,16400.0,14170.0,10.0,100.0,1.0,1.0,QS10_A100_E200_C100_R1,16400.0,23970.0,7570.0,100.0,200.0,1.0,1.0
QS10_A20_E50_T0_C80_R0,0.1,1,QS10_A20_E50_C80_R0,4130.0,9000.0,4870.0,20.0,50.0,0.8,0.0,,,,,,,,
QS10_A20_E50_T0_C80_R1,0.1,1,QS10_A20_E50_C80_R1,4130.0,9000.0,4870.0,20.0,50.0,0.8,1.0,,,,,,,,
QS10_A20_E50_T0_C100_R0,0.1,1,QS10_A20_E50_C100_R0,4130.0,9000.0,4870.0,20.0,50.0,1.0,0.0,,,,,,,,
QS10_A20_E50_T0_C100_R1,0.1,1,QS10_A20_E50_C100_R1,4130.0,9000.0,4870.0,20.0,50.0,1.0,1.0,,,,,,,,
QS10_A20_E100_T0_C80_R0,0.1,1,QS10_A20_E100_C80_R0,4130.0,16400.0,12270.0,20.0,100.0,0.8,0.0,,,,,,,,
QS10_A20_E100_T0_C80_R1,0.1,1,QS10_A20_E100_C80_R1,4130.0,16400.0,12270.0,20.0,100.0,0.8,1.0,,,,,,,,
QS10_A20_E100_T0_C100_R0,0.1,1,QS10_A20_E100_C100_R0,4130.0,16400.0,12270.0,20.0,100.0,1.0,0.0,,,,,,,,
QS10_A20_E100_T0_C100_R1,0.1,1,QS10_A20_E100_C100_R1,4130.0,16400.0,12270.0,20.0,100.0,1.0,1.0,,,,,,,,
QS10_A20_E100_T50_C80_R0,0.1,2,QS10_A20_E50_C80_R0,4130.0,9000.0,4870.0,20.0,50.0,0.8,0.0,QS10_A50_E100_C80_R0,9000.0,16400.0,7400.0,50.0,100.0,0.8,0.0
QS10_A20_E100_T50_C80_R1,0.1,2,QS10_A20_E50_C80_R1,4130.0,9000.0,4870.0,20.0,50.0,0.8,1.0,QS10_A50_E100_C80_R1,9000.0,16400.0,7400.0,50.0,100.0,0.8,1.0
QS10_A20_E100_T50_C100_R0,0.1,2,QS10_A20_E50_C100_R0,4130.0,9000.0,4870.0,20.0,50.0,1.0,0.0,QS10_A50_E100_C100_R0,9000.0,16400.0,7400.0,50.0,100.0,1.0,0.0
QS10_A20_E100_T50_C100_R1,0.1,2,QS10_A20_E50_C100_R1,4130.0,9000.0,4870.0,20.0,50.0,1.0,1.0,QS10_A50_E100_C100_R1,9000.0,16400.0,7400.0,50.0,100.0,1.0,1.0
QS10_A20_E200_T0_C80_R0,0.1,1,QS10_A20_E200_C80_R0,4130.0,23970.0,19840.0,20.0,200.0,0.8,0.0,,,,,,,,
QS10_A20_E200_T0_C80_R1,0.1,1,QS10_A20_E200_C80_R1,4130.0,23970.0,19840.0,20.0,200.0,0.8,1.0,,,,,,,,
QS10_A20_E200_T0_C100_R0,0.1,1,QS10_A20_E200_C100_R0,4130.0,23970.0,19840.0,20.0,200.0,1.0,0.0,,,,,,,,
QS10_A20_E200_T0_C100_R1,0.1,1,QS10_A20_E200_C100_R1,4130.0,23970.0,19840.0,20.0,200.0,1.0,1.0,,,,,,,,
QS10_A20_E200_T50_C80_R0,0.1,2,QS10_A20_E50_C80_R0,4130.0,9000.0,4870.0,20.0,50.0,0.8,0.0,QS10_A50_E200_C80_R0,9000.0,23970.0,14970.0,50.0,200.0,0.8,0.0
QS10_A20_E200_T50_C80_R1,0.1,2,QS10_A20_E50_C80_R1,4130.0,9000.0,4870.0,20.0,50.0,0.8,1.0,QS10_A50_E200_C80_R1,9000.0,23970.0,14970.0,50.0,200.0,0.8,1.0
QS10_A20_E200_T50_C100_R0,0.1,2,QS10_A20_E50_C100_R0,4130.0,9000.0,4870.0,20.0,50.0,1.0,0.0,QS10_A50_E200_C100_R0,9000.0,23970.0,14970.0,50.0,200.0,1.0,0.0
QS10_A20_E200_T50_C100_R1,0.1,2,QS10_A20_E50_C100_R1,4130.0,9000.0,4870.0,20.0,50.0,1.0,1.0,QS10_A50_E200_C100_R1,9000.0,23970.0,14970.0,50.0,200.0,1.0,1.0
QS10_A20_E200_T100_C80_R0,0.1,2,QS10_A20_E100_C80_R0,4130.0,16400.0,12270.0,20.0,100.0,0.8,0.0,QS10_A100_E200_C80_R0,16400.0,23970.0,7570.0,100.0,200.0,0.8,0.0
QS10_A20_E200_T100_C80_R1,0.1,2,QS10_A20_E100_C80_R1,4130.0,16400.0,12270.0,20.0,100.0,0.8,1.0,QS10_A100_E200_C80_R1,16400.0,23970.0,7570.0,100.0,200.0,0.8,1.0
QS10_A20_E200_T100_C100_R0,0.1,2,QS10_A20_E100_C100_R0,4130.0,16400.0,12270.0,20.0,100.0,1.0,0.0,QS10_A100_E200_C100_R0,16400.0,23970.0,7570.0,100.0,200.0,1.0,0.0
QS10_A20_E200_T100_C100_R1,0.1,2,QS10_A20_E100_C100_R1,4130.0,16400.0,12270.0,20.0,100.0,1.0,1.0,QS10_A100_E200_C100_R1,16400.0,23970.0,7570.0,100.0,200.0,1.0,1.0
QS10_A50_E100_T0_C80_R0,0.1,1,QS10_A50_E100_C80_R0,9000.0,16400.0,7400.0,50.0,100.0,0.8,0.0,,,,,,,,
QS10_A50_E100_T0_C80_R1,0.1,1,QS10_A50_E100_C80_R1,9000.0,16400.0,7400.0,50.0,100.0,0.8,1.0,,,,,,,,
QS10_A50_E100_T0_C100_R0,0.1,1,QS10_A50_E100_C100_R0,9000.0,16400.0,7400.0,50.0,100.0,1.0,0.0,,,,,,,,
QS10_A50_E100_T0_C100_R1,0.1,1,QS10_A50_E100_C100_R1,9000.0,16400.0,7400.0,50.0,100.0,1.0,1.0,,,,,,,,
QS10_A50_E200_T0_C80_R0,0.1,1,QS10_A50_E200_C80_R0,9000.0,23970.0,14970.0,50.0,200.0,0.8,0.0,,,,,,,,
QS10_A50_E200_T0_C80_R1,0.1,1,QS10_A50_E200_C80_R1,9000.0,23970.0,14970.0,50.0,200.0,0.8,1.0,,,,,,,,
QS10_A50_E200_T0_C100_R0,0.1,1,QS10_A50_E200_C100_R0,9000.0,23970.0,14970.0,50.0,200.0,1.0,0.0,,,,,,,,
QS10_A50_E200_T0_C100_R1,0.1,1,QS10_A50_E200_C100_R1,9000.0,23970.0,14970.0,50.0,200.0,1.0,1.0,,,,,,,,
QS10_A50_E200_T100_C80_R0,0.1,2,QS10_A50_E100_C80_R0,9000.0,16400.0,7400.0,50.0,100.0,0.8,0.0,QS10_A100_E200_C80_R0,16400.0,23970.0,7570.0,100.0,200.0,0.8,0.0
QS10_A50_E200_T100_C80_R1,0.1,2,QS10_A50_E100_C80_R1,9000.0,16400.0,7400.0,50.0,100.0,0.8,1.0,QS10_A100_E200_C80_R1,16400.0,23970.0,7570.0,100.0,200.0,0.8,1.0
QS10_A50_E200_T100_C100_R0,0.1,2,QS10_A50_E100_C100_R0,9000.0,16400.0,7400.0,50.0,100.0,1.0,0.0,QS10_A100_E200_C100_R0,16400.0,23970.0,7570.0,100.0,200.0,1.0,0.0
QS10_A50_E200_T100_C100_R1,0.1,2,QS10_A50_E100_C100_R1,9000.0,16400.0,7400.0,50.0,100.0,1.0,1.0,QS10_A100_E200_C100_R1,16400.0,23970.0,7570.0,100.0,200.0,1.0,1.0
QS20_A5_E50_T0_C80_R0,0.2,1,QS20_A5_E50_C80_R0,990.0,8000.0,7010.0,5.0,50.0,0.8,0.0,,,,,,,,
QS20_A5_E50_T0_C80_R1,0.2,1,QS20_A5_E50_C80_R1,990.0,8000.0,7010.0,5.0,50.0,0.8,1.0,,,,,,,,
QS20_A5_E50_T0_C100_R0,0.2,1,QS20_A5_E50_C100_R0,990.0,8000.0,7010.0,5.0,50.0,1.0,0.0,,,,,,,,
QS20_A5_E50_T0_C100_R1,0.2,1,QS20_A5_E50_C100_R1,990.0,8000.0,7010.0,5.0,50.0,1.0,1.0,,,,,,,,
QS20_A5_E100_T0_C80_R0,0.2,1,QS20_A5_E100_C80_R0,990.0,14570.0,13580.0,5.0,100.0,0.8,0.0,,,,,,,,
QS20_A5_E100_T0_C80_R1,0.2,1,QS20_A5_E100_C80_R1,990.0,14570.0,13580.0,5.0,100.0,0.8,1.0,,,,,,,,
QS20_A5_E100_T0_C100_R0,0.2,1,QS20_A5_E100_C100_R0,990.0,14570.0,13580.0,5.0,100.0,1.0,0.0,,,,,,,,
QS20_A5_E100_T0_C100_R1,0.2,1,QS20_A5_E100_C100_R1,990.0,14570.0,13580.0,5.0,100.0,1.0,1.0,,,,,,,,
QS20_A5_E100_T50_C80_R0,0.2,2,QS20_A5_E50_C80_R0,990.0,8000.0,7010.0,5.0,50.0,0.8,0.0,QS20_A50_E100_C80_R0,8000.0,14570.0,6570.0,50.0,100.0,0.8,0.0
QS20_A5_E100_T50_C80_R1,0.2,2,QS20_A5_E50_C80_R1,990.0,8000.0,7010.0,5.0,50.0,0.8,1.0,QS20_A50_E100_C80_R1,8000.0,14570.0,6570.0,50.0,100.0,0.8,1.0
QS20_A5_E100_T50_C100_R0,0.2,2,QS20_A5_E50_C100_R0,990.0,8000.0,7010.0,5.0,50.0,1.0,0.0,QS20_A50_E100_C100_R0,8000.0,14570.0,6570.0,50.0,100.0,1.0,0.0
QS20_A5_E100_T50_C100_R1,0.2,2,QS20_A5_E50_C100_R1,990.0,8000.0,7010.0,5.0,50.0,1.0,1.0,QS20_A50_E100_C100_R1,8000.0,14570.0,6570.0,50.0,100.0,1.0,1.0
QS20_A5_E200_T0_C80_R0,0.2,1,QS20_A5_E200_C80_R0,990.0,21310.0,20320.0,5.0,200.0,0.8,0.0,,,,,,,,
QS20_A5_E200_T0_C80_R1,0.2,1,QS20_A5_E200_C80_R1,990.0,21310.0,20320.0,5.0,200.0,0.8,1.0,,,,,,,,
QS20_A5_E200_T0_C100_R0,0.2,1,QS20_A5_E200_C100_R0,990.0,21310.0,20320.0,5.0,200.0,1.0,0.0,,,,,,,,
QS20_A5_E200_T0_C100_R1,0.2,1,QS20_A5_E200_C100_R1,990.0,21310.0,20320.0,5.0,200.0,1.0,1.0,,,,,,,,
QS20_A5_E200_T50_C80_R0,0.2,2,QS20_A5_E50_C80_R0,990.0,8000.0,7010.0,5.0,50.0,0.8,0.0,QS20_A50_E200_C80_R0,8000.0,21310.0,13310.0,50.0,200.0,0.8,0.0
QS20_A5_E200_T50_C80_R1,0.2,2,QS20_A5_E50_C80_R1,990.0,8000.0,7010.0,5.0,50.0,0.8,1.0,QS20_A50_E200_C80_R1,8000.0,21310.0,13310.0,50.0,200.0,0.8,1.0
QS20_A5_E200_T50_C100_R0,0.2,2,QS20_A5_E50_C100_R0,990.0,8000.0,7010.0,5.0,50.0,1.0,0.0,QS20_A50_E200_C100_R0,8000.0,21310.0,13310.0,50.0,200.0,1.0,0.0
QS20_A5_E200_T50_C100_R1,0.2,2,QS20_A5_E50_C100_R1,990.0,8000.0,7010.0,5.0,50.0,1.0,1.0,QS20_A50_E200_C100_R1,8000.0,21310.0,13310.0,50.0,200.0,1.0,1.0
QS20_A5_E200_T100_C80_R0,0.2,2,QS20_A5_E100_C80_R0,990.0,14570.0,13580.0,5.0,100.0,0.8,0.0,QS20_A100_E200_C80_R0,14570.0,21310.0,6740.0,100.0,200.0,0.8,0.0
QS20_A5_E200_T100_C80_R1,0.2,2,QS20_A5_E100_C80_R1,990.0,14570.0,13580.0,5.0,100.0,0.8,1.0,QS20_A100_E200_C80_R1,14570.0,21310.0,6740.0,100.0,200.0,0.8,1.0
QS20_A5_E200_T100_C100_R0,0.2,2,QS20_A5_E100_C100_R0,990.0,14570.0,13580.0,5.0,100.0,1.0,0.0,QS20_A100_E200_C100_R0,14570.0,21310.0,6740.0,100.0,200.0,1.0,0.0
QS20_A5_E200_T100_C100_R1,0.2,2,QS20_A5_E100_C100_R1,990.0,14570.0,13580.0,5.0,100.0,1.0,1.0,QS20_A100_E200_C100_R1,14570.0,21310.0,6740.0,100.0,200.0,1.0,1.0
QS20_A10_E50_T0_C80_R0,0.2,1,QS20_A10_E50_C80_R0,1980.0,8000.0,6020.0,10.0,50.0,0.8,0.0,,,,,,,,
QS20_A10_E50_T0_C80_R1,0.2,1,QS20_A10_E50_C80_R1,1980.0,8000.0,6020.0,10.0,50.0,0.8,1.0,,,,,,,,
QS20_A10_E50_T0_C100_R0,0.2,1,QS20_A10_E50_C100_R0,1980.0,8000.0,6020.0,10.0,50.0,1.0,0.0,,,,,,,,
QS20_A10_E50_T0_C100_R1,0.2,1,QS20_A10_E50_C100_R1,1980.0,8000.0,6020.0,10.0,50.0,1.0,1.0,,,,,,,,
QS20_A10_E100_T0_C80_R0,0.2,1,QS20_A10_E100_C80_R0,1980.0,14570.0,12590.0,10.0,100.0,0.8,0.0,,,,,,,,
QS20_A10_E100_T0_C80_R1,0.2,1,QS20_A10_E100_C80_R1,1980.0,14570.0,12590.0,10.0,100.0,0.8,1.0,,,,,,,,
QS20_A10_E100_T0_C100_R0,0.2,1,QS20_A10_E100_C100_R0,1980.0,14570.0,12590.0,10.0,100.0,1.0,0.0,,,,,,,,
QS20_A10_E100_T0_C100_R1,0.2,1,QS20_A10_E100_C100_R1,1980.0,14570.0,12590.0,10.0,100.0,1.0,1.0,,,,,,,,
QS20_A10_E100_T50_C80_R0,0.2,2,QS20_A10_E50_C80_R0,1980.0,8000.0,6020.0,10.0,50.0,0.8,0.0,QS20_A50_E100_C80_R0,8000.0,14570.0,6570.0,50.0,100.0,0.8,0.0
QS20_A10_E100_T50_C80_R1,0.2,2,QS20_A10_E50_C80_R1,1980.0,8000.0,6020.0,10.0,50.0,0.8,1.0,QS20_A50_E100_C80_R1,8000.0,14570.0,6570.0,50.0,100.0,0.8,1.0
QS20_A10_E100_T50_C100_R0,0.2,2,QS20_A10_E50_C100_R0,1980.0,8000.0,6020.0,10.0,50.0,1.0,0.0,QS20_A50_E100_C100_R0,8000.0,14570.0,6570.0,50.0,100.0,1.0,0.0
QS20_A10_E100_T50_C100_R1,0.2,2,QS20_A10_E50_C100_R1,1980.0,8000.0,6020.0,10.0,50.0,1.0,1.0,QS20_A50_E100_C100_R1,8000.0,14570.0,6570.0,50.0,100.0,1.0,1.0
QS20_A10_E200_T0_C80_R0,0.2,1,QS20_A10_E200_C80_R0,1980.0,21310.0,19330.0,10.0,200.0,0.8,0.0,,,,,,,,
QS20_A10_E200_T0_C80_R1,0.2,1,QS20_A10_E200_C80_R1,1980.0,21310.0,19330.0,10.0,200.0,0.8,1.0,,,,,,,,
QS20_A10_E200_T0_C100_R0,0.2,1,QS20_A10_E200_C100_R0,1980.0,21310.0,19330.0,10.0,200.0,1.0,0.0,,,,,,,,
QS20_A10_E200_T0_C100_R1,0.2,1,QS20_A10_E200_C100_R1,1980.0,21310.0,19330.0,10.0,200.0,1.0,1.0,,,,,,,,
QS20_A10_E200_T50_C80_R0,0.2,2,QS20_A10_E50_C80_R0,1980.0,8000.0,6020.0,10.0,50.0,0.8,0.0,QS20_A50_E200_C80_R0,8000.0,21310.0,13310.0,50.0,200.0,0.8,0.0
QS20_A10_E200_T50_C80_R1,0.2,2,QS20_A10_E50_C80_R1,1980.0,8000.0,6020.0,10.0,50.0,0.8,1.0,QS20_A50_E200_C80_R1,8000.0,21310.0,13310.0,50.0,200.0,0.8,1.0
QS20_A10_E200_T50_C100_R0,0.2,2,QS20_A10_E50_C100_R0,1980.0,8000.0,6020.0,10.0,50.0,1.0,0.0,QS20_A50_E200_C100_R0,8000.0,21310.0,13310.0,50.0,200.0,1.0,0.0
QS20_A10_E200_T50_C100_R1,0.2,2,QS20_A10_E50_C100_R1,1980.0,8000.0,6020.0,10.0,50.0,1.0,1.0,QS20_A50_E200_C100_R1,8000.0,21310.0,13310.0,50.0,200.0,1.0,1.0
QS20_A10_E200_T100_C80_R0,0.2,2,QS20_A10_E100_C80_R0,1980.0,14570.0,12590.0,10.0,100.0,0.8,0.0,QS20_A100_E200_C80_R0,14570.0,21310.0,6740.0,100.0,200.0,0.8,0.0
QS20_A10_E200_T100_C80_R1,0.2,2,QS20_A10_E100_C80_R1,1980.0,14570.0,12590.0,10.0,100.0,0.8,1.0,QS20_A100_E200_C80_R1,14570.0,21310.0,6740.0,100.0,200.0,0.8,1.0
QS20_A10_E200_T100_C100_R0,0.2,2,QS20_A10_E100_C100_R0,1980.0,14570.0,12590.0,10.0,100.0,1.0,0.0,QS20_A100_E200_C100_R0,14570.0,21310.0,6740.0,100.0,200.0,1.0,0.0
QS20_A10_E200_T100_C100_R1,0.2,2,QS20_A10_E100_C100_R1,1980.0,14570.0,12590.0,10.0,100.0,1.0,1.0,QS20_A100_E200_C100_R1,14570.0,21310.0,6740.0,100.0,200.0,1.0,1.0
QS20_A20_E50_T0_C80_R0,0.2,1,QS20_A20_E50_C80_R0,3670.0,8000.0,4330.0,20.0,50.0,0.8,0.0,,,,,,,,
QS20_A20_E50_T0_C80_R1,0.2,1,QS20_A20_E50_C80_R1,3670.0,8000.0,4330.0,20.0,50.0,0.8,1.0,,,,,,,,
QS20_A20_E50_T0_C100_R0,0.2,1,QS20_A20_E50_C100_R0,3670.0,8000.0,4330.0,20.0,50.0,1.0,0.0,,,,,,,,
QS20_A20_E50_T0_C100_R1,0.2,1,QS20_A20_E50_C100_R1,3670.0,8000.0,4330.0,20.0,50.0,1.0,1.0,,,,,,,,
QS20_A20_E100_T0_C80_R0,0.2,1,QS20_A20_E100_C80_R0,3670.0,14570.0,10900.0,20.0,100.0,0.8,0.0,,,,,,,,
QS20_A20_E100_T0_C80_R1,0.2,1,QS20_A20_E100_C80_R1,3670.0,14570.0,10900.0,20.0,100.0,0.8,1.0,,,,,,,,
QS20_A20_E100_T0_C100_R0,0.2,1,QS20_A20_E100_C100_R0,3670.0,14570.0,10900.0,20.0,100.0,1.0,0.0,,,,,,,,
QS20_A20_E100_T0_C100_R1,0.2,1,QS20_A20_E100_C100_R1,3670.0,14570.0,10900.0,20.0,100.0,1.0,1.0,,,,,,,,
QS20_A20_E100_T50_C80_R0,0.2,2,QS20_A20_E50_C80_R0,3670.0,8000.0,4330.0,20.0,50.0,0.8,0.0,QS20_A50_E100_C80_R0,8000.0,14570.0,6570.0,50.0,100.0,0.8,0.0
QS20_A20_E100_T50_C80_R1,0.2,2,QS20_A20_E50_C80_R1,3670.0,8000.0,4330.0,20.0,50.0,0.8,1.0,QS20_A50_E100_C80_R1,8000.0,14570.0,6570.0,50.0,100.0,0.8,1.0
QS20_A20_E100_T50_C100_R0,0.2,2,QS20_A20_E50_C100_R0,3670.0,8000.0,4330.0,20.0,50.0,1.0,0.0,QS20_A50_E100_C100_R0,8000.0,14570.0,6570.0,50.0,100.0,1.0,0.0
QS20_A20_E100_T50_C100_R1,0.2,2,QS20_A20_E50_C100_R1,3670.0,8000.0,4330.0,20.0,50.0,1.0,1.0,QS20_A50_E100_C100_R1,8000.0,14570.0,6570.0,50.0,100.0,1.0,1.0
QS20_A20_E200_T0_C80_R0,0.2,1,QS20_A20_E200_C80_R0,3670.0,21310.0,17640.0,20.0,200.0,0.8,0.0,,,,,,,,
QS20_A20_E200_T0_C80_R1,0.2,1,QS20_A20_E200_C80_R1,3670.0,21310.0,17640.0,20.0,200.0,0.8,1.0,,,,,,,,
QS20_A20_E200_T0_C100_R0,0.2,1,QS20_A20_E200_C100_R0,3670.0,21310.0,17640.0,20.0,200.0,1.0,0.0,,,,,,,,
QS20_A20_E200_T0_C100_R1,0.2,1,QS20_A20_E200_C100_R1,3670.0,21310.0,17640.0,20.0,200.0,1.0,1.0,,,,,,,,
QS20_A20_E200_T50_C80_R0,0.2,2,QS20_A20_E50_C80_R0,3670.0,8000.0,4330.0,20.0,50.0,0.8,0.0,QS20_A50_E200_C80_R0,8000.0,21310.0,13310.0,50.0,200.0,0.8,0.0
QS20_A20_E200_T50_C80_R1,0.2,2,QS20_A20_E50_C80_R1,3670.0,8000.0,4330.0,20.0,50.0,0.8,1.0,QS20_A50_E200_C80_R1,8000.0,21310.0,13310.0,50.0,200.0,0.8,1.0
QS20_A20_E200_T50_C100_R0,0.2,2,QS20_A20_E50_C100_R0,3670.0,8000.0,4330.0,20.0,50.0,1.0,0.0,QS20_A50_E200_C100_R0,8000.0,21310.0,13310.0,50.0,200.0,1.0,0.0
QS20_A20_E200_T50_C100_R1,0.2,2,QS20_A20_E50_C100_R1,3670.0,8000.0,4330.0,20.0,50.0,1.0,1.0,QS20_A50_E200_C100_R1,8000.0,21310.0,13310.0,50.0,200.0,1.0,1.0
QS20_A20_E200_T100_C80_R0,0.2,2,QS20_A20_E100_C80_R0,3670.0,14570.0,10900.0,20.0,100.0,0.8,0.0,QS20_A100_E200_C80_R0,14570.0,21310.0,6740.0,100.0,200.0,0.8,0.0
QS20_A20_E200_T100_C80_R1,0.2,2,QS20_A20_E100_C80_R1,3670.0,14570.0,10900.0,20.0,100.0,0.8,1.0,QS20_A100_E200_C80_R1,14570.0,21310.0,6740.0,100.0,200.0,0.8,1.0
QS20_A20_E200_T100_C100_R0,0.2,2,QS20_A20_E100_C100_R0,3670.0,14570.0,10900.0,20.0,100.0,1.0,0.0,QS20_A100_E200_C100_R0,14570.0,21310.0,6740.0,100.0,200.0,1.0,0.0
QS20_A20_E200_T100_C100_R1,0.2,2,QS20_A20_E100_C100_R1,3670.0,14570.0,10900.0,20.0,100.0,1.0,1.0,QS20_A100_E200_C100_R1,14570.0,21310.0,6740.0,100.0,200.0,1.0,1.0
QS20_A50_E100_T0_C80_R0,0.2,1,QS20_A50_E100_C80_R0,8000.0,14570.0,6570.0,50.0,100.0,0.8,0.0,,,,,,,,
QS20_A50_E100_T0_C80_R1,0.2,1,QS20_A50_E100_C80_R1,8000.0,14570.0,6570.0,50.0,100.0,0.8,1.0,,,,,,,,
QS20_A50_E100_T0_C100_R0,0.2,1,QS20_A50_E100_C100_R0,8000.0,14570.0,6570.0,50.0,100.0,1.0,0.0,,,,,,,,
QS20_A50_E100_T0_C100_R1,0.2,1,QS20_A50_E100_C100_R1,8000.0,14570.0,6570.0,50.0,100.0,1.0,1.0,,,,,,,,
QS20_A50_E200_T0_C80_R0,0.2,1,QS20_A50_E200_C80_R0,8000.0,21310.0,13310.0,50.0,200.0,0.8,0.0,,,,,,,,
QS20_A50_E200_T0_C80_R1,0.2,1,QS20_A50_E200_C80_R1,8000.0,21310.0,13310.0,50.0,200.0,0.8,1.0,,,,,,,,
QS20_A50_E200_T0_C100_R0,0.2,1,QS20_A50_E200_C100_R0,8000.0,21310.0,13310.0,50.0,200.0,1.0,0.0,,,,,,,,
QS20_A50_E200_T0_C100_R1,0.2,1,QS20_A50_E200_C100_R1,8000.0,21310.0,13310.0,50.0,200.0,1.0,1.0,,,,,,,,
QS20_A50_E200_T100_C80_R0,0.2,2,QS20_A50_E100_C80_R0,8000.0,14570.0,6570.0,50.0,100.0,0.8,0.0,QS20_A100_E200_C80_R0,14570.0,21310.0,6740.0,100.0,200.0,0.8,0.0
QS20_A50_E200_T100_C80_R1,0.2,2,QS20_A50_E100_C80_R1,8000.0,14570.0,6570.0,50.0,100.0,0.8,1.0,QS20_A100_E200_C80_R1,14570.0,21310.0,6740.0,100.0,200.0,0.8,1.0
QS20_A50_E200_T100_C100_R0,0.2,2,QS20_A50_E100_C100_R0,8000.0,14570.0,6570.0,50.0,100.0,1.0,0.0,QS20_A100_E200_C100_R0,14570.0,21310.0,6740.0,100.0,200.0,1.0,0.0
QS20_A50_E200_T100_C100_R1,0.2,2,QS20_A50_E100_C100_R1,8000.0,14570.0,6570.0,50.0,100.0,1.0,1.0,QS20_A100_E200_C100_R1,14570.0,21310.0,6740.0,100.0,200.0,1.0,1.0
