alias_id,programme_id
QS0_A5_E250_T0_C80_R0,QS0_A5_E200_T0_C80_R0
QS0_A5_E250_T0_C80_R1,QS0_A5_E200_T0_C80_R1
QS0_A5_E250_T0_C100_R0,QS0_A5_E200_T0_C100_R0
QS0_A5_E250_T0_C100_R1,QS0_A5_E200_T0_C100_R1
QS0_A5_E250_T50_C80_R0,QS0_A5_E200_T50_C80_R0
QS0_A5_E250_T50_C80_R1,QS0_A5_E200_T50_C80_R1
QS0_A5_E250_T50_C100_R0,QS0_A5_E200_T50_C100_R0
QS0_A5_E250_T50_C100_R1,QS0_A5_E200_T50_C100_R1
QS0_A5_E250_T100_C80_R0,QS0_A5_E200_T100_C80_R0
QS0_A5_E250_T100_C80_R1,QS0_A5_E200_T100_C80_R1
QS0_A5_E250_T100_C100_R0,QS0_A5_E200_T100_C100_R0
QS0_A5_E250_T100_C100_R1,QS0_A5_E200_T100_C100_R1
QS0_A10_E250_T0_C80_R0,QS0_A10_E200_T0_C80_R0
QS0_A10_E250_T0_C80_R1,QS0_A10_E200_T0_C80_R1
QS0_A10_E250_T0_C100_R0,QS0_A10_E200_T0_C100_R0
QS0_A10_E250_T0_C100_R1,QS0_A10_E200_T0_C100_R1
QS0_A10_E250_T50_C80_R0,QS0_A10_E200_T50_C80_R0
QS0_A10_E250_T50_C80_R1,QS0_A10_E200_T50_C80_R1
QS0_A10_E250_T50_C100_R0,QS0_A10_E200_T50_C100_R0
QS0_A10_E250_T50_C100_R1,QS0_A10_E200_T50_C100_R1
QS0_A10_E250_T100_C80_R0,QS0_A10_E200_T100_C80_R0
QS0_A10_E250_T100_C80_R1,QS0_A10_E200_T100_C80_R1
QS0_A10_E250_T100_C100_R0,QS0_A10_E200_T100_C100_R0
QS0_A10_E250_T100_C100_R1,QS0_A10_E200_T100_C100_R1
QS0_A20_E250_T0_C80_R0,QS0_A20_E200_T0_C80_R0
QS0_A20_E250_T0_C80_R1,QS0_A20_E200_T0_C80_R1
QS0_A20_E250_T0_C100_R0,QS0_A20_E200_T0_C100_R0
QS0_A20_E250_T0_C100_R1,QS0_A20_E200_T0_C100_R1
QS0_A20_E250_T50_C80_R0,QS0_A20_E200_T50_C80_R0
QS0_A20_E250_T50_C80_R1,QS0_A20_E200_T50_C80_R1
QS0_A20_E250_T50_C100_R0,QS0_A20_E200_T50_C100_R0
QS0_A20_E250_T50_C100_R1,QS0_A20_E200_T50_C100_R1
QS0_A20_E250_T100_C80_R0,QS0_A20_E200_T100_C80_R0
QS0_A20_E250_T100_C80_R1,QS0_A20_E200_T100_C80_R1
QS0_A20_E250_T100_C100_R0,QS0_A20_E200_T100_C100_R0
QS0_A20_E250_T100_C100_R1,QS0_A20_E200_T100_C100_R1
QS0_A50_E250_T0_C80_R0,QS0_A50_E200_T0_C80_R0
QS0_A50_E250_T0_C80_R1,QS0_A50_E200_T0_C80_R1
QS0_A50_E250_T0_C100_R0,QS0_A50_E200_T0_C100_R0
QS0_A50_E250_T0_C100_R1,QS0_A50_E200_T0_C100_R1
QS0_A50_E250_T100_C80_R0,QS0_A50_E200_T100_C80_R0
QS0_A50_E250_T100_C80_R1,QS0_A50_E200_T100_C80_R1
QS0_A50_E250_T100_C100_R0,QS0_A50_E200_T100_C100_R0
QS0_A50_E250_T100_C100_R1,QS0_A50_E200_T100_C100_R1
QS10_A5_E250_T0_C80_R0,QS10_A5_E200_T0_C80_R0
QS10_A5_E250_T0_C80_R1,QS10_A5_E200_T0_C80_R1
QS10_A5_E250_T0_C100_R0,QS10_A5_E200_T0_C100_R0
QS10_A5_E250_T0_C100_R1,QS10_A5_E200_T0_C100_R1
QS10_A5_E250_T50_C80_R0,QS10_A5_E200_T50_C80_R0
QS10_A5_E250_T50_C80_R1,QS10_A5_E200_T50_C80_R1
QS10_A5_E250_T50_C100_R0,QS10_A5_E200_T50_C100_R0
QS10_A5_E250_T50_C100_R1,QS10_A5_E200_T50_C100_R1
QS10_A5_E250_T100_C80_R0,QS10_A5_E200_T100_C80_R0
QS10_A5_E250_T100_C80_R1,QS10_A5_E200_T100_C80_R1
QS10_A5_E250_T100_C100_R0,QS10_A5_E200_T100_C100_R0
QS10_A5_E250_T100_C100_R1,QS10_A5_E200_T100_C100_R1
QS10_A10_E250_T0_C80_R0,QS10_A10_E200_T0_C80_R0
QS10_A10_E250_T0_C80_R1,QS10_A10_E200_T0_C80_R1
QS10_A10_E250_T0_C100_R0,QS10_A10_E200_T0_C100_R0
QS10_A10_E250_T0_C100_R1,QS10_A10_E200_T0_C100_R1
QS10_A10_E250_T50_C80_R0,QS10_A10_E200_T50_C80_R0
QS10_A10_E250_T50_C80_R1,QS10_A10_E200_T50_C80_R1
QS10_A10_E250_T50_C100_R0,QS10_A10_E200_T50_C100_R0
QS10_A10_E250_T50_C100_R1,QS10_A10_E200_T50_C100_R1
QS10_A10_E250_T100_C80_R0,QS10_A10_E200_T100_C80_R0
QS10_A10_E250_T100_C80_R1,QS10_A10_E200_T100_C80_R1
QS10_A10_E250_T100_C100_R0,QS10_A10_E200_T100_C100_R0
QS10_A10_E250_T100_C100_R1,QS10_A10_E200_T100_C100_R1
QS10_A20_E250_T0_C80_R0,QS10_A20_E200_T0_C80_R0
QS10_A20_E250_T0_C80_R1,QS10_A20_E200_T0_C80_R1
QS10_A20_E250_T0_C100_R0,QS10_A20_E200_T0_C100_R0
QS10_A20_E250_T0_C100_R1,QS10_A20_E200_T0_C100_R1
QS10_A20_E250_T50_C80_R0,QS10_A20_E200_T50_C80_R0
QS10_A20_E250_T50_C80_R1,QS10_A20_E200_T50_C80_R1
QS10_A20_E250_T50_C100_R0,QS10_A20_E200_T50_C100_R0
QS10_A20_E250_T50_C100_R1,QS10_A20_E200_T50_C100_R1
QS10_A20_E250_T100_C80_R0,QS10_A20_E200_T100_C80_R0
QS10_A20_E250_T100_C80_R1,QS10_A20_E200_T100_C80_R1
QS10_A20_E250_T100_C100_R0,QS10_A20_E200_T100_C100_R0
QS10_A20_E250_T100_C100_R1,QS10_A20_E200_T100_C100_R1
QS10_A50_E250_T0_C80_R0,QS10_A50_E200_T0_C80_R0
QS10_A50_E250_T0_C80_R1,QS10_A50_E200_T0_C80_R1
QS10_A50_E250_T0_C100_R0,QS10_A50_E200_T0_C100_R0
QS10_A50_E250_T0_C100_R1,QS10_A50_E200_T0_C100_R1
QS10_A50_E250_T100_C80_R0,QS10_A50_E200_T100_C80_R0
QS10_A50_E250_T100_C80_R1,QS10_A50_E200_T100_C80_R1
QS10_A50_E250_T100_C100_R0,QS10_A50_E200_T100_C100_R0
QS10_A50_E250_T100_C100_R1,QS10_A50_E200_T100_C100_R1
QS20_A5_E250_T0_C80_R0,QS20_A5_E200_T0_C80_R0
QS20_A5_E250_T0_C80_R1,QS20_A5_E200_T0_C80_R1
QS20_A5_E250_T0_C100_R0,QS20_A5_E200_T0_C100_R0
QS20_A5_E250_T0_C100_R1,QS20_A5_E200_T0_C100_R1
QS20_A5_E250_T50_C80_R0,QS20_A5_E200_T50_C80_R0
QS20_A5_E250_T50_C80_R1,QS20_A5_E200_T50_C80_R1
QS20_A5_E250_T50_C100_R0,QS20_A5_E200_T50_C100_R0
QS20_A5_E250_T50_C100_R1,QS20_A5_E200_T50_C100_R1
QS20_A5_E250_T100_C80_R0,QS20_A5_E200_T100_C80_R0
QS20_A5_E250_T100_C80_R1,QS20_A5_E200_T100_C80_R1
QS20_A5_E250_T100_C100_R0,QS20_A5_E200_T100_C100_R0
QS20_A5_E250_T100_C100_R1,QS20_A5_E200_T100_C100_R1
QS20_A10_E250_T0_C80_R0,QS20_A10_E200_T0_C80_R0
QS20_A10_E250_T0_C80_R1,QS20_A10_E200_T0_C80_R1
QS20_A10_E250_T0_C100_R0,QS20_A10_E200_T0_C100_R0
QS20_A10_E250_T0_C100_R1,QS20_A10_E200_T0_C100_R1
QS20_A10_E250_T50_C80_R0,QS20_A10_E200_T50_C80_R0
QS20_A10_E250_T50_C80_R1,QS20_A10_E200_T50_C80_R1
QS20_A10_E250_T50_C100_R0,QS20_A10_E200_T50_C100_R0
QS20_A10_E250_T50_C100_R1,QS20_A10_E200_T50_C100_R1
QS20_A10_E250_T100_C80_R0,QS20_A10_E200_T100_C80_R0
QS20_A10_E250_T100_C80_R1,QS20_A10_E200_T100_C80_R1
QS20_A10_E250_T100_C100_R0,QS20_A10_E200_T100_C100_R0
QS20_A10_E250_T100_C100_R1,QS20_A10_E200_T100_C100_R1
QS20_A20_E250_T0_C80_R0,QS20_A20_E200_T0_C80_R0
QS20_A20_E250_T0_C80_R1,QS20_A20_E200_T0_C80_R1
QS20_A20_E250_T0_C100_R0,QS20_A20_E200_T0_C100_R0
QS20_A20_E250_T0_C100_R1,QS20_A20_E200_T0_C100_R1
QS20_A20_E250_T50_C80_R0,QS20_A20_E200_T50_C80_R0
QS20_A20_E250_T50_C80_R1,QS20_A20_E200_T50_C80_R1
QS20_A20_E250_T50_C100_R0,QS20_A20_E200_T50_C100_R0
QS20_A20_E250_T50_C100_R1,QS20_A20_E200_T50_C100_R1
QS20_A20_E250_T100_C80_R0,QS20_A20_E200_T100_C80_R0
QS20_A20_E250_T100_C80_R1,QS20_A20_E200_T100_C80_R1
QS20_A20_E250_T100_C100_R0,QS20_A20_E200_T100_C100_R0
QS20_A20_E250_T100_C100_R1,QS20_A20_E200_T100_C100_R1
QS20_A50_E250_T0_C80_R0,QS20_A50_E200_T0_C80_R0
QS20_A50_E250_T0_C80_R1,QS20_A50_E200_T0_C80_R1
QS20_A50_E250_T0_C100_R0,QS20_A50_E200_T0_C100_R0
QS20_A50_E250_T0_C100_R1,QS20_A50_E200_T0_C100_R1
QS20_A50_E250_T100_C80_R0,QS20_A50_E200_T100_C80_R0
QS20_A50_E250_T100_C80_R1,QS20_A50_E200_T100_C80_R1
QS20_A50_E250_T100_C100_R0,QS20_A50_E200_T100_C100_R0
QS20_A50_E250_T100_C100_R1,QS20_A50_E200_T100_C100_R1
