scenario,balanced_id,same_as_base,relief,relief_pct,net_cost,implied_coc,base_rec_relief_pct,base_rec_net_cost,base_rec_implied_coc,gross_ec
base,QS20_A5_E200_T0_C80_R0,True,20694.059291851692,0.817151624300024,1214.6396487246109,0.05869508884624084,0.817151624300024,1214.6396487246109,0.05869508884624084,25324.62602589614
freq_125,QS20_A5_E200_T0_C80_R0,True,20565.057840570218,0.8088544872449277,1231.4422549018407,0.059880320514950514,0.8088544872449277,1231.4422549018407,0.059880320514950514,25424.91655157617
sev_115,QS20_A5_E200_T0_C100_R0,False,22907.8850927145,0.9037819286053442,1457.4586644551257,0.06362257618092593,0.8112226450529988,1224.4850295057743,0.059551413147482045,25346.6952233316
tail_heavy,QS20_A5_E200_T0_C100_R0,False,23488.22527406234,0.9015763675240189,1504.843422252306,0.06406799171472864,0.7912344812333288,1268.6690713740225,0.061545380783385006,26052.396802023086
coc_08,QS20_A5_E200_T0_C100_R0,False,22986.545978403195,0.9076756337842028,1171.4284889168453,0.0509614837312857,0.817151624300024,983.4440941070532,0.04752301519181813,25324.62602589614
coc_12,QS20_A5_E200_T0_C80_R0,True,20694.059291851692,0.817151624300024,1445.8352033421686,0.06986716250066355,0.817151624300024,1445.8352033421686,0.06986716250066355,25324.62602589614
d_03,QS20_A5_E200_T0_C100_R0,False,22986.545978403195,0.9076756337842028,896.3044075083267,0.03899256584048954,0.817151624300024,752.2485394894954,0.036350941537395424,25324.62602589614
d_07,QS20_A5_E200_T0_C80_R0,True,20694.059291851692,0.817151624300024,1677.0307579597268,0.08103923615508628,0.817151624300024,1677.0307579597268,0.08103923615508628,25324.62602589614
h_08,QS20_A5_E200_T0_C80_R0,True,20694.059291851692,0.817151624300024,1214.6396487246109,0.05869508884624084,0.817151624300024,1214.6396487246109,0.05869508884624084,25324.62602589614
h_12,QS20_A5_E200_T0_C100_R0,False,22986.545978403195,0.9076756337842028,1446.5525703253638,0.06293040162208187,0.817151624300024,1214.6396487246109,0.05869508884624084,25324.62602589614
